"id","univ_name","indicator","indicator_label","code_final","text_source_used","evidence_keyword","evidence_excerpt"
1,"Harvard University","detector_mention_any","Detector mention at all",0,"policy_markdown","",""
1,"Harvard University","detector_not_sole_evidence","Detector explicitly not sole evidence",0,"policy_markdown","",""
1,"Harvard University","faculty_procedure_suspected_ai_misuse","Faculty procedures for suspected AI misuse",0,"policy_markdown","",""
1,"Harvard University","required_detector_screening","Required detector screening anywhere",0,"policy_markdown","",""
1,"Harvard University","required_disclosure_template","Required disclosure template OR standardized statement language",0,"policy_markdown","",""
1,"Harvard University","sanctions_for_nondisclosure","Sanctions for nondisclosure (incl. attribution failure)",0,"policy_markdown","",""
2,"Massachusetts Institute of Technology (MIT)","detector_mention_any","Detector mention at all",0,"policy_markdown","",""
2,"Massachusetts Institute of Technology (MIT)","detector_not_sole_evidence","Detector explicitly not sole evidence",0,"policy_markdown","",""
2,"Massachusetts Institute of Technology (MIT)","faculty_procedure_suspected_ai_misuse","Faculty procedures for suspected AI misuse",0,"policy_markdown","",""
2,"Massachusetts Institute of Technology (MIT)","required_detector_screening","Required detector screening anywhere",0,"policy_markdown","",""
2,"Massachusetts Institute of Technology (MIT)","required_disclosure_template","Required disclosure template OR standardized statement language",0,"policy_markdown","",""
2,"Massachusetts Institute of Technology (MIT)","sanctions_for_nondisclosure","Sanctions for nondisclosure (incl. attribution failure)",1,"policy_markdown","without disclosing | Misconduct","Nondisclosure evidence: ## Be transparent about your use of AI tools You should disclose the use of generative AI tools for all academic, educational, and research-related uses.  Do not publish research results that rely on content generated through the use of a generative AI tool without disclosing the nature of the use of such generative AI tool in producing the content. Sanction hook evidence: ## Protect MIT information and confidential data As with any use of information technology at MIT, ensure that your use of generative AI tools and services complies with all applicable federal and state laws and orders (including, without limitation, FERPA, HIPAA, Massachusetts Data Protection Standards , export control laws, and Executive Order on the Safe, Secure, and Trustworthy Development and Use of Artificial Intelligence ), Institute policies (including 10.1 Academic and Research Misconduct , 11.0 Privacy and Disclosure of Personal Information , and 13.0 Information Policies ), follows all guidelines outlined on Information Protection , the Institute's Written Information Security Program (WISP), and complies with any additional policies established by your department, lab, center, or institute (DLCI)."
3,"Stanford University","detector_mention_any","Detector mention at all",1,"policy_markdown","detection software to review work submitted for use of generative AI","As part of the BCA’s guidance on clear communication of a course’s generative AI policy, OCS recommends course instructors provide clear advance notice that they may use detection software to review work submitted for use of generative AI. Other helpful information for faculty and course assistants can be found HERE ."
3,"Stanford University","detector_not_sole_evidence","Detector explicitly not sole evidence",0,"policy_markdown","",""
3,"Stanford University","faculty_procedure_suspected_ai_misuse","Faculty procedures for suspected AI misuse",0,"policy_markdown","",""
3,"Stanford University","required_detector_screening","Required detector screening anywhere",0,"policy_markdown","",""
3,"Stanford University","required_disclosure_template","Required disclosure template OR standardized statement language",0,"policy_markdown","",""
3,"Stanford University","sanctions_for_nondisclosure","Sanctions for nondisclosure (incl. attribution failure)",0,"policy_markdown","",""
4,"University of Oxford","detector_mention_any","Detector mention at all",0,"policy_markdown","",""
4,"University of Oxford","detector_not_sole_evidence","Detector explicitly not sole evidence",0,"policy_markdown","",""
4,"University of Oxford","faculty_procedure_suspected_ai_misuse","Faculty procedures for suspected AI misuse",0,"policy_markdown","",""
4,"University of Oxford","required_detector_screening","Required detector screening anywhere",0,"policy_markdown","",""
4,"University of Oxford","required_disclosure_template","Required disclosure template OR standardized statement language",0,"policy_markdown","",""
4,"University of Oxford","sanctions_for_nondisclosure","Sanctions for nondisclosure (incl. attribution failure)",0,"policy_markdown","",""
5,"University of Cambridge","detector_mention_any","Detector mention at all",0,"policy_markdown","",""
5,"University of Cambridge","detector_not_sole_evidence","Detector explicitly not sole evidence",0,"policy_markdown","",""
5,"University of Cambridge","faculty_procedure_suspected_ai_misuse","Faculty procedures for suspected AI misuse",0,"policy_markdown","",""
5,"University of Cambridge","required_detector_screening","Required detector screening anywhere",0,"policy_markdown","",""
5,"University of Cambridge","required_disclosure_template","Required disclosure template OR standardized statement language",0,"policy_markdown","",""
5,"University of Cambridge","sanctions_for_nondisclosure","Sanctions for nondisclosure (incl. attribution failure)",0,"policy_markdown","",""
6,"University of California Berkeley","detector_mention_any","Detector mention at all",0,"policy_markdown","",""
6,"University of California Berkeley","detector_not_sole_evidence","Detector explicitly not sole evidence",0,"policy_markdown","",""
6,"University of California Berkeley","faculty_procedure_suspected_ai_misuse","Faculty procedures for suspected AI misuse",0,"policy_markdown","",""
6,"University of California Berkeley","required_detector_screening","Required detector screening anywhere",0,"policy_markdown","",""
6,"University of California Berkeley","required_disclosure_template","Required disclosure template OR standardized statement language",0,"policy_markdown","",""
6,"University of California Berkeley","sanctions_for_nondisclosure","Sanctions for nondisclosure (incl. attribution failure)",0,"policy_markdown","",""
7,"University College London","detector_mention_any","Detector mention at all",1,"policy_markdown","GenAI detectors","UCL does not use GenAI detectors when marking."
7,"University College London","detector_not_sole_evidence","Detector explicitly not sole evidence",0,"policy_markdown","",""
7,"University College London","faculty_procedure_suspected_ai_misuse","Faculty procedures for suspected AI misuse",1,"policy_markdown","staff","This includes the use of GenAI tools that exceeds that permitted in the assessment brief. If teaching staff suspect that you are trying to pass off GenAI output as your own work then the regulations in the Academic Manual (9.2.5 a), 9.2.5 e) iii, and 9.2.6 c) may  apply. You may be invited to an investigatory viva to probe the authorship of your work."
7,"University College London","required_detector_screening","Required detector screening anywhere",0,"policy_markdown","",""
7,"University College London","required_disclosure_template","Required disclosure template OR standardized statement language",0,"policy_markdown","",""
7,"University College London","sanctions_for_nondisclosure","Sanctions for nondisclosure (incl. attribution failure)",0,"policy_markdown","",""
8,"University of Washington Seattle","detector_mention_any","Detector mention at all",0,"policy_markdown","",""
8,"University of Washington Seattle","detector_not_sole_evidence","Detector explicitly not sole evidence",0,"policy_markdown","",""
8,"University of Washington Seattle","faculty_procedure_suspected_ai_misuse","Faculty procedures for suspected AI misuse",0,"policy_markdown","",""
8,"University of Washington Seattle","required_detector_screening","Required detector screening anywhere",0,"policy_markdown","",""
8,"University of Washington Seattle","required_disclosure_template","Required disclosure template OR standardized statement language",0,"policy_markdown","",""
8,"University of Washington Seattle","sanctions_for_nondisclosure","Sanctions for nondisclosure (incl. attribution failure)",0,"policy_markdown","",""
9,"Yale University","detector_mention_any","Detector mention at all",0,"policy_markdown","",""
9,"Yale University","detector_not_sole_evidence","Detector explicitly not sole evidence",0,"policy_markdown","",""
9,"Yale University","faculty_procedure_suspected_ai_misuse","Faculty procedures for suspected AI misuse",0,"policy_markdown","",""
9,"Yale University","required_detector_screening","Required detector screening anywhere",0,"policy_markdown","",""
9,"Yale University","required_disclosure_template","Required disclosure template OR standardized statement language",0,"policy_markdown","",""
9,"Yale University","sanctions_for_nondisclosure","Sanctions for nondisclosure (incl. attribution failure)",0,"policy_markdown","",""
10,"Columbia University","detector_mention_any","Detector mention at all",1,"policy_markdown","AI detection tool","- Important note about AI detection tools:"
10,"Columbia University","detector_not_sole_evidence","Detector explicitly not sole evidence",1,"policy_markdown","not a grading metric","As with other plagiarism detection tools, AI detection should be treated as a guideline and not a grading metric."
10,"Columbia University","faculty_procedure_suspected_ai_misuse","Faculty procedures for suspected AI misuse",0,"policy_markdown","",""
10,"Columbia University","required_detector_screening","Required detector screening anywhere",0,"policy_markdown","",""
10,"Columbia University","required_disclosure_template","Required disclosure template OR standardized statement language",0,"policy_markdown","",""
10,"Columbia University","sanctions_for_nondisclosure","Sanctions for nondisclosure (incl. attribution failure)",0,"policy_markdown","",""
11,"Imperial College London","detector_mention_any","Detector mention at all",0,"policy_markdown","",""
11,"Imperial College London","detector_not_sole_evidence","Detector explicitly not sole evidence",0,"policy_markdown","",""
11,"Imperial College London","faculty_procedure_suspected_ai_misuse","Faculty procedures for suspected AI misuse",0,"policy_markdown","",""
11,"Imperial College London","required_detector_screening","Required detector screening anywhere",0,"policy_markdown","",""
11,"Imperial College London","required_disclosure_template","Required disclosure template OR standardized statement language",1,"policy_markdown","statement of acknowledgment","### Acknowledging and referencing use of generative AI tool s #### Acknowledging A statement of acknowledgment shows the reader which AI tool you used and for what specific purpose."
11,"Imperial College London","sanctions_for_nondisclosure","Sanctions for nondisclosure (incl. attribution failure)",0,"policy_markdown","",""
12,"University of California Los Angeles","detector_mention_any","Detector mention at all",0,"policy_markdown","",""
12,"University of California Los Angeles","detector_not_sole_evidence","Detector explicitly not sole evidence",0,"policy_markdown","",""
12,"University of California Los Angeles","faculty_procedure_suspected_ai_misuse","Faculty procedures for suspected AI misuse",0,"policy_markdown","",""
12,"University of California Los Angeles","required_detector_screening","Required detector screening anywhere",0,"policy_markdown","",""
12,"University of California Los Angeles","required_disclosure_template","Required disclosure template OR standardized statement language",0,"policy_markdown","",""
12,"University of California Los Angeles","sanctions_for_nondisclosure","Sanctions for nondisclosure (incl. attribution failure)",0,"policy_markdown","",""
13,"Johns Hopkins University","detector_mention_any","Detector mention at all",1,"policy_markdown","AI Detection Tool","### AI Detection Tools Advancements in generative AI technologies are outpacing development of tools designed to detect their usage."
13,"Johns Hopkins University","detector_not_sole_evidence","Detector explicitly not sole evidence",0,"policy_markdown","",""
13,"Johns Hopkins University","faculty_procedure_suspected_ai_misuse","Faculty procedures for suspected AI misuse",0,"policy_markdown","",""
13,"Johns Hopkins University","required_detector_screening","Required detector screening anywhere",0,"policy_markdown","",""
13,"Johns Hopkins University","required_disclosure_template","Required disclosure template OR standardized statement language",0,"policy_markdown","",""
13,"Johns Hopkins University","sanctions_for_nondisclosure","Sanctions for nondisclosure (incl. attribution failure)",0,"policy_markdown","",""
14,"University of Pennsylvania","detector_mention_any","Detector mention at all",1,"policy_markdown","AI detection software","- Disclose to students when course materials have been created with the use of AI and when AI detection software will be used in the course."
14,"University of Pennsylvania","detector_not_sole_evidence","Detector explicitly not sole evidence",0,"policy_markdown","",""
14,"University of Pennsylvania","faculty_procedure_suspected_ai_misuse","Faculty procedures for suspected AI misuse",0,"policy_markdown","",""
14,"University of Pennsylvania","required_detector_screening","Required detector screening anywhere",0,"policy_markdown","",""
14,"University of Pennsylvania","required_disclosure_template","Required disclosure template OR standardized statement language",0,"policy_markdown","",""
14,"University of Pennsylvania","sanctions_for_nondisclosure","Sanctions for nondisclosure (incl. attribution failure)",0,"policy_markdown","",""
15,"Cornell University","detector_mention_any","Detector mention at all",1,"policy_markdown","AI Detectors","For a more in-depth look at the reliability of detection technologies, we recommend the article "" How Reliable are AI Detectors?"
15,"Cornell University","detector_not_sole_evidence","Detector explicitly not sole evidence",0,"policy_markdown","",""
15,"Cornell University","faculty_procedure_suspected_ai_misuse","Faculty procedures for suspected AI misuse",0,"policy_markdown","",""
15,"Cornell University","required_detector_screening","Required detector screening anywhere",0,"policy_markdown","",""
15,"Cornell University","required_disclosure_template","Required disclosure template OR standardized statement language",1,"policy_markdown","sample statement","For sample statements at the assignment-level, see AI in Assignment Design ."
15,"Cornell University","sanctions_for_nondisclosure","Sanctions for nondisclosure (incl. attribution failure)",0,"policy_markdown","",""
16,"Princeton University","detector_mention_any","Detector mention at all",0,"policy_markdown","",""
16,"Princeton University","detector_not_sole_evidence","Detector explicitly not sole evidence",0,"policy_markdown","",""
16,"Princeton University","faculty_procedure_suspected_ai_misuse","Faculty procedures for suspected AI misuse",0,"policy_markdown","",""
16,"Princeton University","required_detector_screening","Required detector screening anywhere",0,"policy_markdown","",""
16,"Princeton University","required_disclosure_template","Required disclosure template OR standardized statement language",0,"policy_markdown","",""
16,"Princeton University","sanctions_for_nondisclosure","Sanctions for nondisclosure (incl. attribution failure)",0,"policy_markdown","",""
17,"University of California San Francisco","detector_mention_any","Detector mention at all",0,"policy_markdown","",""
17,"University of California San Francisco","detector_not_sole_evidence","Detector explicitly not sole evidence",0,"policy_markdown","",""
17,"University of California San Francisco","faculty_procedure_suspected_ai_misuse","Faculty procedures for suspected AI misuse",0,"policy_markdown","",""
17,"University of California San Francisco","required_detector_screening","Required detector screening anywhere",0,"policy_markdown","",""
17,"University of California San Francisco","required_disclosure_template","Required disclosure template OR standardized statement language",0,"policy_markdown","",""
17,"University of California San Francisco","sanctions_for_nondisclosure","Sanctions for nondisclosure (incl. attribution failure)",0,"policy_markdown","",""
18,"University of Toronto","detector_mention_any","Detector mention at all",0,"policy_markdown","",""
18,"University of Toronto","detector_not_sole_evidence","Detector explicitly not sole evidence",0,"policy_markdown","",""
18,"University of Toronto","faculty_procedure_suspected_ai_misuse","Faculty procedures for suspected AI misuse",0,"policy_markdown","",""
18,"University of Toronto","required_detector_screening","Required detector screening anywhere",0,"policy_markdown","",""
18,"University of Toronto","required_disclosure_template","Required disclosure template OR standardized statement language",0,"policy_markdown","",""
18,"University of Toronto","sanctions_for_nondisclosure","Sanctions for nondisclosure (incl. attribution failure)",0,"policy_markdown","",""
19,"National University of Singapore","detector_mention_any","Detector mention at all",0,"policy_markdown","",""
19,"National University of Singapore","detector_not_sole_evidence","Detector explicitly not sole evidence",0,"policy_markdown","",""
19,"National University of Singapore","faculty_procedure_suspected_ai_misuse","Faculty procedures for suspected AI misuse",0,"policy_markdown","",""
19,"National University of Singapore","required_detector_screening","Required detector screening anywhere",0,"policy_markdown","",""
19,"National University of Singapore","required_disclosure_template","Required disclosure template OR standardized statement language",0,"policy_markdown","",""
19,"National University of Singapore","sanctions_for_nondisclosure","Sanctions for nondisclosure (incl. attribution failure)",0,"policy_markdown","",""
20,"University of California San Diego","detector_mention_any","Detector mention at all",0,"policy_markdown","",""
20,"University of California San Diego","detector_not_sole_evidence","Detector explicitly not sole evidence",0,"policy_markdown","",""
20,"University of California San Diego","faculty_procedure_suspected_ai_misuse","Faculty procedures for suspected AI misuse",0,"policy_markdown","",""
20,"University of California San Diego","required_detector_screening","Required detector screening anywhere",0,"policy_markdown","",""
20,"University of California San Diego","required_disclosure_template","Required disclosure template OR standardized statement language",0,"policy_markdown","",""
20,"University of California San Diego","sanctions_for_nondisclosure","Sanctions for nondisclosure (incl. attribution failure)",0,"policy_markdown","",""
21,"University of Michigan","detector_mention_any","Detector mention at all",0,"policy_markdown","",""
21,"University of Michigan","detector_not_sole_evidence","Detector explicitly not sole evidence",0,"policy_markdown","",""
21,"University of Michigan","faculty_procedure_suspected_ai_misuse","Faculty procedures for suspected AI misuse",0,"policy_markdown","",""
21,"University of Michigan","required_detector_screening","Required detector screening anywhere",0,"policy_markdown","",""
21,"University of Michigan","required_disclosure_template","Required disclosure template OR standardized statement language",0,"policy_markdown","",""
21,"University of Michigan","sanctions_for_nondisclosure","Sanctions for nondisclosure (incl. attribution failure)",0,"policy_markdown","",""
22,"California Institute of Technology","detector_mention_any","Detector mention at all",0,"policy_markdown","",""
22,"California Institute of Technology","detector_not_sole_evidence","Detector explicitly not sole evidence",0,"policy_markdown","",""
22,"California Institute of Technology","faculty_procedure_suspected_ai_misuse","Faculty procedures for suspected AI misuse",0,"policy_markdown","",""
22,"California Institute of Technology","required_detector_screening","Required detector screening anywhere",0,"policy_markdown","",""
22,"California Institute of Technology","required_disclosure_template","Required disclosure template OR standardized statement language",0,"policy_markdown","",""
22,"California Institute of Technology","sanctions_for_nondisclosure","Sanctions for nondisclosure (incl. attribution failure)",0,"policy_markdown","",""
23,"Northwestern University","detector_mention_any","Detector mention at all",0,"policy_markdown","",""
23,"Northwestern University","detector_not_sole_evidence","Detector explicitly not sole evidence",0,"policy_markdown","",""
23,"Northwestern University","faculty_procedure_suspected_ai_misuse","Faculty procedures for suspected AI misuse",0,"policy_markdown","",""
23,"Northwestern University","required_detector_screening","Required detector screening anywhere",0,"policy_markdown","",""
23,"Northwestern University","required_disclosure_template","Required disclosure template OR standardized statement language",0,"policy_markdown","",""
23,"Northwestern University","sanctions_for_nondisclosure","Sanctions for nondisclosure (incl. attribution failure)",0,"policy_markdown","",""
24,"University of Chicago","detector_mention_any","Detector mention at all",0,"policy_markdown","",""
24,"University of Chicago","detector_not_sole_evidence","Detector explicitly not sole evidence",0,"policy_markdown","",""
24,"University of Chicago","faculty_procedure_suspected_ai_misuse","Faculty procedures for suspected AI misuse",0,"policy_markdown","",""
24,"University of Chicago","required_detector_screening","Required detector screening anywhere",0,"policy_markdown","",""
24,"University of Chicago","required_disclosure_template","Required disclosure template OR standardized statement language",0,"policy_markdown","",""
24,"University of Chicago","sanctions_for_nondisclosure","Sanctions for nondisclosure (incl. attribution failure)",0,"policy_markdown","",""
25,"Duke University","detector_mention_any","Detector mention at all",1,"policy_markdown","AI detection software","## About AI detection software We don’t recommend AI detection software as a part of your AI policy for three main reasons."
25,"Duke University","detector_not_sole_evidence","Detector explicitly not sole evidence",1,"policy_markdown","never be the sole evidence","Detection results should never be the sole evidence of academic dishonesty."
25,"Duke University","faculty_procedure_suspected_ai_misuse","Faculty procedures for suspected AI misuse",0,"policy_markdown","",""
25,"Duke University","required_detector_screening","Required detector screening anywhere",0,"policy_markdown","",""
25,"Duke University","required_disclosure_template","Required disclosure template OR standardized statement language",0,"policy_markdown","",""
25,"Duke University","sanctions_for_nondisclosure","Sanctions for nondisclosure (incl. attribution failure)",0,"policy_markdown","",""
26,"Nanyang Technological University","detector_mention_any","Detector mention at all",0,"policy_markdown","",""
26,"Nanyang Technological University","detector_not_sole_evidence","Detector explicitly not sole evidence",0,"policy_markdown","",""
26,"Nanyang Technological University","faculty_procedure_suspected_ai_misuse","Faculty procedures for suspected AI misuse",0,"policy_markdown","",""
26,"Nanyang Technological University","required_detector_screening","Required detector screening anywhere",0,"policy_markdown","",""
26,"Nanyang Technological University","required_disclosure_template","Required disclosure template OR standardized statement language",0,"policy_markdown","",""
26,"Nanyang Technological University","sanctions_for_nondisclosure","Sanctions for nondisclosure (incl. attribution failure)",0,"policy_markdown","",""
27,"University of Sydney","detector_mention_any","Detector mention at all",1,"policy_markdown","Turnitin has a tool for detecting use of artificial intelligence","### Detecting generative AI use Turnitin has a tool for detecting use of artificial intelligence in student work."
27,"University of Sydney","detector_not_sole_evidence","Detector explicitly not sole evidence",1,"policy_markdown","not be the only evidence","It’s important to note that the AI detector score would not be the only evidence relied upon for an academic integrity case, but will be considered alongside other relevant evidence."
27,"University of Sydney","faculty_procedure_suspected_ai_misuse","Faculty procedures for suspected AI misuse",0,"policy_markdown","",""
27,"University of Sydney","required_detector_screening","Required detector screening anywhere",0,"policy_markdown","",""
27,"University of Sydney","required_disclosure_template","Required disclosure template OR standardized statement language",0,"policy_markdown","",""
27,"University of Sydney","sanctions_for_nondisclosure","Sanctions for nondisclosure (incl. attribution failure)",0,"policy_markdown","",""
28,"University of Melbourne","detector_mention_any","Detector mention at all",1,"policy_markdown","AI writing detection","For use once students have submitted work, an AI writing detection tool has been integrated into Turnitin, and is being further refined through its use at the University."
28,"University of Melbourne","detector_not_sole_evidence","Detector explicitly not sole evidence",1,"policy_markdown","not proof that academic misconduct","As with the Turnitin similarity report, a high percentage of text flagged as likely to have been AI-written is not proof that academic misconduct has taken place but may be a sign that further investigation is warranted."
28,"University of Melbourne","faculty_procedure_suspected_ai_misuse","Faculty procedures for suspected AI misuse",0,"policy_markdown","",""
28,"University of Melbourne","required_detector_screening","Required detector screening anywhere",0,"policy_markdown","",""
28,"University of Melbourne","required_disclosure_template","Required disclosure template OR standardized statement language",0,"policy_markdown","",""
28,"University of Melbourne","sanctions_for_nondisclosure","Sanctions for nondisclosure (incl. attribution failure)",0,"policy_markdown","",""
29,"Washington University (WUSTL)","detector_mention_any","Detector mention at all",0,"policy_markdown","",""
29,"Washington University (WUSTL)","detector_not_sole_evidence","Detector explicitly not sole evidence",0,"policy_markdown","",""
29,"Washington University (WUSTL)","faculty_procedure_suspected_ai_misuse","Faculty procedures for suspected AI misuse",0,"policy_markdown","",""
29,"Washington University (WUSTL)","required_detector_screening","Required detector screening anywhere",0,"policy_markdown","",""
29,"Washington University (WUSTL)","required_disclosure_template","Required disclosure template OR standardized statement language",0,"policy_markdown","",""
29,"Washington University (WUSTL)","sanctions_for_nondisclosure","Sanctions for nondisclosure (incl. attribution failure)",0,"policy_markdown","",""
30,"New York University","detector_mention_any","Detector mention at all",0,"policy_markdown","",""
30,"New York University","detector_not_sole_evidence","Detector explicitly not sole evidence",0,"policy_markdown","",""
30,"New York University","faculty_procedure_suspected_ai_misuse","Faculty procedures for suspected AI misuse",0,"policy_markdown","",""
30,"New York University","required_detector_screening","Required detector screening anywhere",0,"policy_markdown","",""
30,"New York University","required_disclosure_template","Required disclosure template OR standardized statement language",0,"policy_markdown","",""
30,"New York University","sanctions_for_nondisclosure","Sanctions for nondisclosure (incl. attribution failure)",0,"policy_markdown","",""
31,"University of Amsterdam","detector_mention_any","Detector mention at all",0,"policy_markdown","",""
31,"University of Amsterdam","detector_not_sole_evidence","Detector explicitly not sole evidence",0,"policy_markdown","",""
31,"University of Amsterdam","faculty_procedure_suspected_ai_misuse","Faculty procedures for suspected AI misuse",0,"policy_markdown","",""
31,"University of Amsterdam","required_detector_screening","Required detector screening anywhere",0,"policy_markdown","",""
31,"University of Amsterdam","required_disclosure_template","Required disclosure template OR standardized statement language",0,"policy_markdown","",""
31,"University of Amsterdam","sanctions_for_nondisclosure","Sanctions for nondisclosure (incl. attribution failure)",0,"policy_markdown","",""
32,"University of New South Wales Sydney","detector_mention_any","Detector mention at all",1,"policy_markdown","Turnitin's AI detection","- How does Turnitin's AI detection tool work?"
32,"University of New South Wales Sydney","detector_not_sole_evidence","Detector explicitly not sole evidence",0,"policy_markdown","",""
32,"University of New South Wales Sydney","faculty_procedure_suspected_ai_misuse","Faculty procedures for suspected AI misuse",1,"policy_markdown","Convenor","- My work has been flagged for unreferenced GenAI components. What should I do? If your Convenor has concerns that your submission contains passages of AI-generated text or media, you may be asked to have a conversation about your work."
32,"University of New South Wales Sydney","required_detector_screening","Required detector screening anywhere",0,"policy_markdown","",""
32,"University of New South Wales Sydney","required_disclosure_template","Required disclosure template OR standardized statement language",0,"policy_markdown","",""
32,"University of New South Wales Sydney","sanctions_for_nondisclosure","Sanctions for nondisclosure (incl. attribution failure)",1,"policy_markdown","not appropriately attributed | academic misconduct","Nondisclosure evidence: Keep copies of your drafts as your convenor may also request them as part of the submission If outputs of generative AI tools, software or services form part of your submission and are not appropriately attributed, your Convenor may ask you to explain your work. Sanction hook evidence: Using functions that generate or paraphrase passages of text or other media, whether based on your own work or not, can be grounds for academic misconduct."
33,"ETH Zurich","detector_mention_any","Detector mention at all",0,"policy_markdown","",""
33,"ETH Zurich","detector_not_sole_evidence","Detector explicitly not sole evidence",0,"policy_markdown","",""
33,"ETH Zurich","faculty_procedure_suspected_ai_misuse","Faculty procedures for suspected AI misuse",0,"policy_markdown","",""
33,"ETH Zurich","required_detector_screening","Required detector screening anywhere",0,"policy_markdown","",""
33,"ETH Zurich","required_disclosure_template","Required disclosure template OR standardized statement language",0,"policy_markdown","",""
33,"ETH Zurich","sanctions_for_nondisclosure","Sanctions for nondisclosure (incl. attribution failure)",0,"policy_markdown","",""
34,"King's College London","detector_mention_any","Detector mention at all",0,"policy_markdown","",""
34,"King's College London","detector_not_sole_evidence","Detector explicitly not sole evidence",0,"policy_markdown","",""
34,"King's College London","faculty_procedure_suspected_ai_misuse","Faculty procedures for suspected AI misuse",0,"policy_markdown","",""
34,"King's College London","required_detector_screening","Required detector screening anywhere",0,"policy_markdown","",""
34,"King's College London","required_disclosure_template","Required disclosure template OR standardized statement language",0,"policy_markdown","",""
34,"King's College London","sanctions_for_nondisclosure","Sanctions for nondisclosure (incl. attribution failure)",1,"policy_markdown","without attribution","Inappropriate use without attribution is considered academic misconduct."
35,"Chinese University of Hong Kong","detector_mention_any","Detector mention at all",0,"policy_markdown","",""
35,"Chinese University of Hong Kong","detector_not_sole_evidence","Detector explicitly not sole evidence",0,"policy_markdown","",""
35,"Chinese University of Hong Kong","faculty_procedure_suspected_ai_misuse","Faculty procedures for suspected AI misuse",0,"policy_markdown","",""
35,"Chinese University of Hong Kong","required_detector_screening","Required detector screening anywhere",0,"policy_markdown","",""
35,"Chinese University of Hong Kong","required_disclosure_template","Required disclosure template OR standardized statement language",0,"policy_markdown","",""
35,"Chinese University of Hong Kong","sanctions_for_nondisclosure","Sanctions for nondisclosure (incl. attribution failure)",0,"policy_markdown","",""
36,"Monash University","detector_mention_any","Detector mention at all",0,"policy_markdown","",""
36,"Monash University","detector_not_sole_evidence","Detector explicitly not sole evidence",0,"policy_markdown","",""
36,"Monash University","faculty_procedure_suspected_ai_misuse","Faculty procedures for suspected AI misuse",0,"policy_markdown","",""
36,"Monash University","required_detector_screening","Required detector screening anywhere",0,"policy_markdown","",""
36,"Monash University","required_disclosure_template","Required disclosure template OR standardized statement language",0,"policy_markdown","",""
36,"Monash University","sanctions_for_nondisclosure","Sanctions for nondisclosure (incl. attribution failure)",0,"policy_markdown","",""
37,"University of Edinburgh","detector_mention_any","Detector mention at all",0,"policy_markdown","",""
37,"University of Edinburgh","detector_not_sole_evidence","Detector explicitly not sole evidence",0,"policy_markdown","",""
37,"University of Edinburgh","faculty_procedure_suspected_ai_misuse","Faculty procedures for suspected AI misuse",0,"policy_markdown","",""
37,"University of Edinburgh","required_detector_screening","Required detector screening anywhere",0,"policy_markdown","",""
37,"University of Edinburgh","required_disclosure_template","Required disclosure template OR standardized statement language",0,"policy_markdown","",""
37,"University of Edinburgh","sanctions_for_nondisclosure","Sanctions for nondisclosure (incl. attribution failure)",0,"policy_markdown","",""
38,"Icahn School of Medicine at Mount Sinai","detector_mention_any","Detector mention at all",1,"policy_markdown","AI detection tool","Do not enter st udent assignments into public AI detection tools."
38,"Icahn School of Medicine at Mount Sinai","detector_not_sole_evidence","Detector explicitly not sole evidence",0,"policy_markdown","",""
38,"Icahn School of Medicine at Mount Sinai","faculty_procedure_suspected_ai_misuse","Faculty procedures for suspected AI misuse",0,"policy_markdown","",""
38,"Icahn School of Medicine at Mount Sinai","required_detector_screening","Required detector screening anywhere",0,"policy_markdown","",""
38,"Icahn School of Medicine at Mount Sinai","required_disclosure_template","Required disclosure template OR standardized statement language",0,"policy_markdown","",""
38,"Icahn School of Medicine at Mount Sinai","sanctions_for_nondisclosure","Sanctions for nondisclosure (incl. attribution failure)",0,"policy_markdown","",""
39,"University of British Columbia","detector_mention_any","Detector mention at all",0,"policy_markdown","",""
39,"University of British Columbia","detector_not_sole_evidence","Detector explicitly not sole evidence",0,"policy_markdown","",""
39,"University of British Columbia","faculty_procedure_suspected_ai_misuse","Faculty procedures for suspected AI misuse",0,"policy_markdown","",""
39,"University of British Columbia","required_detector_screening","Required detector screening anywhere",0,"policy_markdown","",""
39,"University of British Columbia","required_disclosure_template","Required disclosure template OR standardized statement language",0,"policy_markdown","",""
39,"University of British Columbia","sanctions_for_nondisclosure","Sanctions for nondisclosure (incl. attribution failure)",0,"policy_markdown","",""
40,"University of Copenhagen","detector_mention_any","Detector mention at all",0,"policy_markdown","",""
40,"University of Copenhagen","detector_not_sole_evidence","Detector explicitly not sole evidence",0,"policy_markdown","",""
40,"University of Copenhagen","faculty_procedure_suspected_ai_misuse","Faculty procedures for suspected AI misuse",0,"policy_markdown","",""
40,"University of Copenhagen","required_detector_screening","Required detector screening anywhere",0,"policy_markdown","",""
40,"University of Copenhagen","required_disclosure_template","Required disclosure template OR standardized statement language",1,"policy_markdown","declaration template","### Page 1 K Ø B E N H A V N S U N I V E R S I T E T 1 Declaration of using generative AI tools (for students) Guidelines Use of generative AI in exams According to the University’s rules for using tools based on generative AI (GAI), you must be transparent about your use of the technology, for example in your methodology section and/or by filling in and submitting the declaration template below as an app endix to your exam papers."
40,"University of Copenhagen","sanctions_for_nondisclosure","Sanctions for nondisclosure (incl. attribution failure)",0,"policy_markdown","",""
41,"University of Queensland","detector_mention_any","Detector mention at all",1,"policy_markdown","Turnitin has released a tool to indicate the probability of text being produced by a generative AI tool","Turnitin has released a tool to indicate the probability of text being produced by a generative AI tool."
41,"University of Queensland","detector_not_sole_evidence","Detector explicitly not sole evidence",0,"policy_markdown","",""
41,"University of Queensland","faculty_procedure_suspected_ai_misuse","Faculty procedures for suspected AI misuse",1,"policy_markdown","integrity officer","At UQ, allegations of misconduct are managed according to the Student Integrity and Misconduct Policy and Student Integrity and Misconduct Procedure . If someone teaching a course sees indications of misconduct, including use of inappropriate AI outputs, they may ask an integrity officer to investigate. This investigation explores if there is sufficient evidence to allege misconduct."
41,"University of Queensland","required_detector_screening","Required detector screening anywhere",0,"policy_markdown","",""
41,"University of Queensland","required_disclosure_template","Required disclosure template OR standardized statement language",0,"policy_markdown","",""
41,"University of Queensland","sanctions_for_nondisclosure","Sanctions for nondisclosure (incl. attribution failure)",1,"policy_markdown","without attribution","At UQ, the use of AI outputs without attribution, and contrary to any direction by teaching staff, is a form of plagiarism and constitutes academic misconduct."
42,"University of Hong Kong","detector_mention_any","Detector mention at all",0,"policy_markdown","",""
42,"University of Hong Kong","detector_not_sole_evidence","Detector explicitly not sole evidence",0,"policy_markdown","",""
42,"University of Hong Kong","faculty_procedure_suspected_ai_misuse","Faculty procedures for suspected AI misuse",0,"policy_markdown","",""
42,"University of Hong Kong","required_detector_screening","Required detector screening anywhere",0,"policy_markdown","",""
42,"University of Hong Kong","required_disclosure_template","Required disclosure template OR standardized statement language",0,"policy_markdown","",""
42,"University of Hong Kong","sanctions_for_nondisclosure","Sanctions for nondisclosure (incl. attribution failure)",0,"policy_markdown","",""
43,"Humboldt University of Berlin","detector_mention_any","Detector mention at all",0,"policy_markdown","",""
43,"Humboldt University of Berlin","detector_not_sole_evidence","Detector explicitly not sole evidence",0,"policy_markdown","",""
43,"Humboldt University of Berlin","faculty_procedure_suspected_ai_misuse","Faculty procedures for suspected AI misuse",0,"policy_markdown","",""
43,"Humboldt University of Berlin","required_detector_screening","Required detector screening anywhere",0,"policy_markdown","",""
43,"Humboldt University of Berlin","required_disclosure_template","Required disclosure template OR standardized statement language",0,"policy_markdown","",""
43,"Humboldt University of Berlin","sanctions_for_nondisclosure","Sanctions for nondisclosure (incl. attribution failure)",0,"policy_markdown","",""
44,"Universite Paris Cite","detector_mention_any","Detector mention at all",0,"policy_markdown","",""
44,"Universite Paris Cite","detector_not_sole_evidence","Detector explicitly not sole evidence",0,"policy_markdown","",""
44,"Universite Paris Cite","faculty_procedure_suspected_ai_misuse","Faculty procedures for suspected AI misuse",0,"policy_markdown","",""
44,"Universite Paris Cite","required_detector_screening","Required detector screening anywhere",0,"policy_markdown","",""
44,"Universite Paris Cite","required_disclosure_template","Required disclosure template OR standardized statement language",0,"policy_markdown","",""
44,"Universite Paris Cite","sanctions_for_nondisclosure","Sanctions for nondisclosure (incl. attribution failure)",0,"policy_markdown","",""
45,"Utrecht University","detector_mention_any","Detector mention at all",0,"policy_markdown","",""
45,"Utrecht University","detector_not_sole_evidence","Detector explicitly not sole evidence",0,"policy_markdown","",""
45,"Utrecht University","faculty_procedure_suspected_ai_misuse","Faculty procedures for suspected AI misuse",0,"policy_markdown","",""
45,"Utrecht University","required_detector_screening","Required detector screening anywhere",0,"policy_markdown","",""
45,"Utrecht University","required_disclosure_template","Required disclosure template OR standardized statement language",1,"policy_markdown","disclosure statement","You must provide this information in a disclosure statement at the end of the research paper/project."
45,"Utrecht University","sanctions_for_nondisclosure","Sanctions for nondisclosure (incl. attribution failure)",0,"policy_markdown","",""
46,"KU Leuven","detector_mention_any","Detector mention at all",0,"policy_markdown","",""
46,"KU Leuven","detector_not_sole_evidence","Detector explicitly not sole evidence",0,"policy_markdown","",""
46,"KU Leuven","faculty_procedure_suspected_ai_misuse","Faculty procedures for suspected AI misuse",0,"policy_markdown","",""
46,"KU Leuven","required_detector_screening","Required detector screening anywhere",0,"policy_markdown","",""
46,"KU Leuven","required_disclosure_template","Required disclosure template OR standardized statement language",0,"policy_markdown","",""
46,"KU Leuven","sanctions_for_nondisclosure","Sanctions for nondisclosure (incl. attribution failure)",0,"policy_markdown","",""
47,"University of North Carolina Chapel Hill","detector_mention_any","Detector mention at all",0,"policy_markdown","",""
47,"University of North Carolina Chapel Hill","detector_not_sole_evidence","Detector explicitly not sole evidence",0,"policy_markdown","",""
47,"University of North Carolina Chapel Hill","faculty_procedure_suspected_ai_misuse","Faculty procedures for suspected AI misuse",0,"policy_markdown","",""
47,"University of North Carolina Chapel Hill","required_detector_screening","Required detector screening anywhere",0,"policy_markdown","",""
47,"University of North Carolina Chapel Hill","required_disclosure_template","Required disclosure template OR standardized statement language",0,"policy_markdown","",""
47,"University of North Carolina Chapel Hill","sanctions_for_nondisclosure","Sanctions for nondisclosure (incl. attribution failure)",0,"policy_markdown","",""
48,"Karolinska Institutet","detector_mention_any","Detector mention at all",0,"policy_markdown","",""
48,"Karolinska Institutet","detector_not_sole_evidence","Detector explicitly not sole evidence",0,"policy_markdown","",""
48,"Karolinska Institutet","faculty_procedure_suspected_ai_misuse","Faculty procedures for suspected AI misuse",0,"policy_markdown","",""
48,"Karolinska Institutet","required_detector_screening","Required detector screening anywhere",0,"policy_markdown","",""
48,"Karolinska Institutet","required_disclosure_template","Required disclosure template OR standardized statement language",0,"policy_markdown","",""
48,"Karolinska Institutet","sanctions_for_nondisclosure","Sanctions for nondisclosure (incl. attribution failure)",0,"policy_markdown","",""
49,"University of Pittsburgh","detector_mention_any","Detector mention at all",0,"policy_markdown","",""
49,"University of Pittsburgh","detector_not_sole_evidence","Detector explicitly not sole evidence",0,"policy_markdown","",""
49,"University of Pittsburgh","faculty_procedure_suspected_ai_misuse","Faculty procedures for suspected AI misuse",0,"policy_markdown","",""
49,"University of Pittsburgh","required_detector_screening","Required detector screening anywhere",0,"policy_markdown","",""
49,"University of Pittsburgh","required_disclosure_template","Required disclosure template OR standardized statement language",0,"policy_markdown","",""
49,"University of Pittsburgh","sanctions_for_nondisclosure","Sanctions for nondisclosure (incl. attribution failure)",0,"policy_markdown","",""
50,"Leiden University","detector_mention_any","Detector mention at all",0,"policy_markdown","",""
50,"Leiden University","detector_not_sole_evidence","Detector explicitly not sole evidence",0,"policy_markdown","",""
50,"Leiden University","faculty_procedure_suspected_ai_misuse","Faculty procedures for suspected AI misuse",0,"policy_markdown","",""
50,"Leiden University","required_detector_screening","Required detector screening anywhere",0,"policy_markdown","",""
50,"Leiden University","required_disclosure_template","Required disclosure template OR standardized statement language",0,"policy_markdown","",""
50,"Leiden University","sanctions_for_nondisclosure","Sanctions for nondisclosure (incl. attribution failure)",0,"policy_markdown","",""
51,"University of Munich","detector_mention_any","Detector mention at all",0,"policy_markdown","",""
51,"University of Munich","detector_not_sole_evidence","Detector explicitly not sole evidence",0,"policy_markdown","",""
51,"University of Munich","faculty_procedure_suspected_ai_misuse","Faculty procedures for suspected AI misuse",0,"policy_markdown","",""
51,"University of Munich","required_detector_screening","Required detector screening anywhere",0,"policy_markdown","",""
51,"University of Munich","required_disclosure_template","Required disclosure template OR standardized statement language",0,"policy_markdown","",""
51,"University of Munich","sanctions_for_nondisclosure","Sanctions for nondisclosure (incl. attribution failure)",0,"policy_markdown","",""
52,"Hong Kong Polytechnic University","detector_mention_any","Detector mention at all",0,"policy_markdown","",""
52,"Hong Kong Polytechnic University","detector_not_sole_evidence","Detector explicitly not sole evidence",0,"policy_markdown","",""
52,"Hong Kong Polytechnic University","faculty_procedure_suspected_ai_misuse","Faculty procedures for suspected AI misuse",0,"policy_markdown","",""
52,"Hong Kong Polytechnic University","required_detector_screening","Required detector screening anywhere",0,"policy_markdown","",""
52,"Hong Kong Polytechnic University","required_disclosure_template","Required disclosure template OR standardized statement language",1,"policy_markdown","honour declaration form","by completing an honour declaration form) and identify the AI -generated content in your work ."
52,"Hong Kong Polytechnic University","sanctions_for_nondisclosure","Sanctions for nondisclosure (incl. attribution failure)",0,"policy_markdown","",""
53,"Free University of Berlin","detector_mention_any","Detector mention at all",0,"policy_markdown","",""
53,"Free University of Berlin","detector_not_sole_evidence","Detector explicitly not sole evidence",0,"policy_markdown","",""
53,"Free University of Berlin","faculty_procedure_suspected_ai_misuse","Faculty procedures for suspected AI misuse",0,"policy_markdown","",""
53,"Free University of Berlin","required_detector_screening","Required detector screening anywhere",0,"policy_markdown","",""
53,"Free University of Berlin","required_disclosure_template","Required disclosure template OR standardized statement language",0,"policy_markdown","",""
53,"Free University of Berlin","sanctions_for_nondisclosure","Sanctions for nondisclosure (incl. attribution failure)",0,"policy_markdown","",""
54,"Ruprecht Karls University Heidelberg","detector_mention_any","Detector mention at all",0,"policy_markdown","",""
54,"Ruprecht Karls University Heidelberg","detector_not_sole_evidence","Detector explicitly not sole evidence",0,"policy_markdown","",""
54,"Ruprecht Karls University Heidelberg","faculty_procedure_suspected_ai_misuse","Faculty procedures for suspected AI misuse",0,"policy_markdown","",""
54,"Ruprecht Karls University Heidelberg","required_detector_screening","Required detector screening anywhere",0,"policy_markdown","",""
54,"Ruprecht Karls University Heidelberg","required_disclosure_template","Required disclosure template OR standardized statement language",0,"policy_markdown","",""
54,"Ruprecht Karls University Heidelberg","sanctions_for_nondisclosure","Sanctions for nondisclosure (incl. attribution failure)",0,"policy_markdown","",""
55,"University of Zurich","detector_mention_any","Detector mention at all",0,"policy_markdown","",""
55,"University of Zurich","detector_not_sole_evidence","Detector explicitly not sole evidence",0,"policy_markdown","",""
55,"University of Zurich","faculty_procedure_suspected_ai_misuse","Faculty procedures for suspected AI misuse",0,"policy_markdown","",""
55,"University of Zurich","required_detector_screening","Required detector screening anywhere",0,"policy_markdown","",""
55,"University of Zurich","required_disclosure_template","Required disclosure template OR standardized statement language",0,"policy_markdown","",""
55,"University of Zurich","sanctions_for_nondisclosure","Sanctions for nondisclosure (incl. attribution failure)",0,"policy_markdown","",""
56,"McGill University","detector_mention_any","Detector mention at all",0,"policy_markdown","",""
56,"McGill University","detector_not_sole_evidence","Detector explicitly not sole evidence",0,"policy_markdown","",""
56,"McGill University","faculty_procedure_suspected_ai_misuse","Faculty procedures for suspected AI misuse",0,"policy_markdown","",""
56,"McGill University","required_detector_screening","Required detector screening anywhere",0,"policy_markdown","",""
56,"McGill University","required_disclosure_template","Required disclosure template OR standardized statement language",0,"policy_markdown","",""
56,"McGill University","sanctions_for_nondisclosure","Sanctions for nondisclosure (incl. attribution failure)",0,"policy_markdown","",""
57,"Sorbonne Universite","detector_mention_any","Detector mention at all",0,"policy_markdown","",""
57,"Sorbonne Universite","detector_not_sole_evidence","Detector explicitly not sole evidence",0,"policy_markdown","",""
57,"Sorbonne Universite","faculty_procedure_suspected_ai_misuse","Faculty procedures for suspected AI misuse",0,"policy_markdown","",""
57,"Sorbonne Universite","required_detector_screening","Required detector screening anywhere",0,"policy_markdown","",""
57,"Sorbonne Universite","required_disclosure_template","Required disclosure template OR standardized statement language",0,"policy_markdown","",""
57,"Sorbonne Universite","sanctions_for_nondisclosure","Sanctions for nondisclosure (incl. attribution failure)",0,"policy_markdown","",""
58,"University of Glasgow","detector_mention_any","Detector mention at all",0,"policy_markdown","",""
58,"University of Glasgow","detector_not_sole_evidence","Detector explicitly not sole evidence",0,"policy_markdown","",""
58,"University of Glasgow","faculty_procedure_suspected_ai_misuse","Faculty procedures for suspected AI misuse",0,"policy_markdown","",""
58,"University of Glasgow","required_detector_screening","Required detector screening anywhere",0,"policy_markdown","",""
58,"University of Glasgow","required_disclosure_template","Required disclosure template OR standardized statement language",0,"policy_markdown","",""
58,"University of Glasgow","sanctions_for_nondisclosure","Sanctions for nondisclosure (incl. attribution failure)",0,"policy_markdown","",""
59,"University of Texas Austin","detector_mention_any","Detector mention at all",0,"policy_markdown","",""
59,"University of Texas Austin","detector_not_sole_evidence","Detector explicitly not sole evidence",0,"policy_markdown","",""
59,"University of Texas Austin","faculty_procedure_suspected_ai_misuse","Faculty procedures for suspected AI misuse",0,"policy_markdown","",""
59,"University of Texas Austin","required_detector_screening","Required detector screening anywhere",0,"policy_markdown","",""
59,"University of Texas Austin","required_disclosure_template","Required disclosure template OR standardized statement language",0,"policy_markdown","",""
59,"University of Texas Austin","sanctions_for_nondisclosure","Sanctions for nondisclosure (incl. attribution failure)",0,"policy_markdown","",""
60,"Ohio State University","detector_mention_any","Detector mention at all",0,"policy_markdown","",""
60,"Ohio State University","detector_not_sole_evidence","Detector explicitly not sole evidence",0,"policy_markdown","",""
60,"Ohio State University","faculty_procedure_suspected_ai_misuse","Faculty procedures for suspected AI misuse",0,"policy_markdown","",""
60,"Ohio State University","required_detector_screening","Required detector screening anywhere",0,"policy_markdown","",""
60,"Ohio State University","required_disclosure_template","Required disclosure template OR standardized statement language",1,"policy_markdown","sample statement","The following sections include an introduction to AI, university policies, considerations for instructors, citation and acknowledgement of AI Use, and sample statements that can be copied/pasted for your own syllabi or Carmen course pages."
60,"Ohio State University","sanctions_for_nondisclosure","Sanctions for nondisclosure (incl. attribution failure)",0,"policy_markdown","",""
61,"Vanderbilt University","detector_mention_any","Detector mention at all",1,"policy_markdown","AI detection","Based on current technological capabilities, traditional plagiarism checkers are not reliable sources of generative AI detection and publicly available AI detection tools may compromise student privacy protections."
61,"Vanderbilt University","detector_not_sole_evidence","Detector explicitly not sole evidence",1,"policy_markdown","cannot be based solely","- Issuing a warning - Reporting to the respective honor council Suspected violations of the Honor Code involving undergraduate students can be reported here Procedures for reporting suspicions of Graduate and Professional Student academic misconduct can be found here - Suspected violations of the Honor Code involving undergraduate students can be reported here - Procedures for reporting suspicions of Graduate and Professional Student academic misconduct can be found here Please note that current guidelines indicate that a report to the Undergraduate Honor Council cannot be based solely on an artificial intelligence detector score."
61,"Vanderbilt University","faculty_procedure_suspected_ai_misuse","Faculty procedures for suspected AI misuse",1,"policy_markdown","Faculty","The Faculty Guide to the Honor System provides an overview of how to address suspected violations of the Honor Code. Depending on the strength of the suspicion, options include: - Issuing a warning - Reporting to the respective honor council Suspected violations of the Honor Code involving undergraduate students can be reported here Procedures for reporting suspicions of Graduate and Professional Student academic misconduct can be found here - Suspected violations of the Honor Code involving undergraduate students can be reported here - Procedures for reporting suspicions of Graduate and Professional Student academic misconduct can be found here Please note that current guidelines indicate that a report to the Undergraduate Honor Council cannot be based solely on an artificial intelligence detector score."
61,"Vanderbilt University","required_detector_screening","Required detector screening anywhere",0,"policy_markdown","",""
61,"Vanderbilt University","required_disclosure_template","Required disclosure template OR standardized statement language",0,"policy_markdown","",""
61,"Vanderbilt University","sanctions_for_nondisclosure","Sanctions for nondisclosure (incl. attribution failure)",0,"policy_markdown","",""
62,"University of Manchester","detector_mention_any","Detector mention at all",0,"policy_markdown","",""
62,"University of Manchester","detector_not_sole_evidence","Detector explicitly not sole evidence",0,"policy_markdown","",""
62,"University of Manchester","faculty_procedure_suspected_ai_misuse","Faculty procedures for suspected AI misuse",0,"policy_markdown","",""
62,"University of Manchester","required_detector_screening","Required detector screening anywhere",0,"policy_markdown","",""
62,"University of Manchester","required_disclosure_template","Required disclosure template OR standardized statement language",0,"policy_markdown","",""
62,"University of Manchester","sanctions_for_nondisclosure","Sanctions for nondisclosure (incl. attribution failure)",0,"policy_markdown","",""
63,"Emory University","detector_mention_any","Detector mention at all",0,"policy_markdown","",""
63,"Emory University","detector_not_sole_evidence","Detector explicitly not sole evidence",0,"policy_markdown","",""
63,"Emory University","faculty_procedure_suspected_ai_misuse","Faculty procedures for suspected AI misuse",0,"policy_markdown","",""
63,"Emory University","required_detector_screening","Required detector screening anywhere",0,"policy_markdown","",""
63,"Emory University","required_disclosure_template","Required disclosure template OR standardized statement language",0,"policy_markdown","",""
63,"Emory University","sanctions_for_nondisclosure","Sanctions for nondisclosure (incl. attribution failure)",0,"policy_markdown","",""
64,"University of Maryland College Park","detector_mention_any","Detector mention at all",1,"policy_markdown","AI detection tool","The Division of Academic Affairs advises against incorporating GenAI detection tools into course policies."
64,"University of Maryland College Park","detector_not_sole_evidence","Detector explicitly not sole evidence",0,"policy_markdown","",""
64,"University of Maryland College Park","faculty_procedure_suspected_ai_misuse","Faculty procedures for suspected AI misuse",1,"policy_markdown","instructor","When permitted by the instructor, students should appropriately acknowledge and cite their use of GenAI applications . When conducting research-related activities (e.g., theses, comprehensive exams, dissertations), students should refer to the guidance below for research and scholarship. Allegations of unauthorized use of GenAI will be treated similarly to allegations of unauthorized assistance (cheating) or plagiarism and investigated by the Office of Student Conduct."
64,"University of Maryland College Park","required_detector_screening","Required detector screening anywhere",0,"policy_markdown","",""
64,"University of Maryland College Park","required_disclosure_template","Required disclosure template OR standardized statement language",0,"policy_markdown","",""
64,"University of Maryland College Park","sanctions_for_nondisclosure","Sanctions for nondisclosure (incl. attribution failure)",0,"policy_markdown","",""
65,"University of Minnesota Twin Cities","detector_mention_any","Detector mention at all",0,"policy_markdown","",""
65,"University of Minnesota Twin Cities","detector_not_sole_evidence","Detector explicitly not sole evidence",0,"policy_markdown","",""
65,"University of Minnesota Twin Cities","faculty_procedure_suspected_ai_misuse","Faculty procedures for suspected AI misuse",0,"policy_markdown","",""
65,"University of Minnesota Twin Cities","required_detector_screening","Required detector screening anywhere",0,"policy_markdown","",""
65,"University of Minnesota Twin Cities","required_disclosure_template","Required disclosure template OR standardized statement language",0,"policy_markdown","",""
65,"University of Minnesota Twin Cities","sanctions_for_nondisclosure","Sanctions for nondisclosure (incl. attribution failure)",0,"policy_markdown","",""
66,"University of Wisconsin Madison","detector_mention_any","Detector mention at all",0,"policy_markdown","",""
66,"University of Wisconsin Madison","detector_not_sole_evidence","Detector explicitly not sole evidence",0,"policy_markdown","",""
66,"University of Wisconsin Madison","faculty_procedure_suspected_ai_misuse","Faculty procedures for suspected AI misuse",0,"policy_markdown","",""
66,"University of Wisconsin Madison","required_detector_screening","Required detector screening anywhere",0,"policy_markdown","",""
66,"University of Wisconsin Madison","required_disclosure_template","Required disclosure template OR standardized statement language",0,"policy_markdown","",""
66,"University of Wisconsin Madison","sanctions_for_nondisclosure","Sanctions for nondisclosure (incl. attribution failure)",0,"policy_markdown","",""
67,"University of Groningen","detector_mention_any","Detector mention at all",0,"policy_markdown","",""
67,"University of Groningen","detector_not_sole_evidence","Detector explicitly not sole evidence",0,"policy_markdown","",""
67,"University of Groningen","faculty_procedure_suspected_ai_misuse","Faculty procedures for suspected AI misuse",0,"policy_markdown","",""
67,"University of Groningen","required_detector_screening","Required detector screening anywhere",0,"policy_markdown","",""
67,"University of Groningen","required_disclosure_template","Required disclosure template OR standardized statement language",0,"policy_markdown","",""
67,"University of Groningen","sanctions_for_nondisclosure","Sanctions for nondisclosure (incl. attribution failure)",0,"policy_markdown","",""
68,"Erasmus University Rotterdam","detector_mention_any","Detector mention at all",0,"policy_markdown","",""
68,"Erasmus University Rotterdam","detector_not_sole_evidence","Detector explicitly not sole evidence",0,"policy_markdown","",""
68,"Erasmus University Rotterdam","faculty_procedure_suspected_ai_misuse","Faculty procedures for suspected AI misuse",0,"policy_markdown","",""
68,"Erasmus University Rotterdam","required_detector_screening","Required detector screening anywhere",0,"policy_markdown","",""
68,"Erasmus University Rotterdam","required_disclosure_template","Required disclosure template OR standardized statement language",0,"policy_markdown","",""
68,"Erasmus University Rotterdam","sanctions_for_nondisclosure","Sanctions for nondisclosure (incl. attribution failure)",0,"policy_markdown","",""
69,"University of Southern California","detector_mention_any","Detector mention at all",1,"policy_markdown","AI Detection Tool","## AI Detection Tools Guidance Instructors should exercise caution when using AI detection tools and prioritize their own professional judgment when evaluating student work."
69,"University of Southern California","detector_not_sole_evidence","Detector explicitly not sole evidence",0,"policy_markdown","",""
69,"University of Southern California","faculty_procedure_suspected_ai_misuse","Faculty procedures for suspected AI misuse",0,"policy_markdown","",""
69,"University of Southern California","required_detector_screening","Required detector screening anywhere",0,"policy_markdown","",""
69,"University of Southern California","required_disclosure_template","Required disclosure template OR standardized statement language",0,"policy_markdown","",""
69,"University of Southern California","sanctions_for_nondisclosure","Sanctions for nondisclosure (incl. attribution failure)",0,"policy_markdown","",""
70,"Universite Paris Saclay","detector_mention_any","Detector mention at all",0,"policy_markdown","",""
70,"Universite Paris Saclay","detector_not_sole_evidence","Detector explicitly not sole evidence",0,"policy_markdown","",""
70,"Universite Paris Saclay","faculty_procedure_suspected_ai_misuse","Faculty procedures for suspected AI misuse",0,"policy_markdown","",""
70,"Universite Paris Saclay","required_detector_screening","Required detector screening anywhere",0,"policy_markdown","",""
70,"Universite Paris Saclay","required_disclosure_template","Required disclosure template OR standardized statement language",0,"policy_markdown","",""
70,"Universite Paris Saclay","sanctions_for_nondisclosure","Sanctions for nondisclosure (incl. attribution failure)",0,"policy_markdown","",""
71,"Georgia Institute of Technology","detector_mention_any","Detector mention at all",0,"policy_markdown","",""
71,"Georgia Institute of Technology","detector_not_sole_evidence","Detector explicitly not sole evidence",0,"policy_markdown","",""
71,"Georgia Institute of Technology","faculty_procedure_suspected_ai_misuse","Faculty procedures for suspected AI misuse",0,"policy_markdown","",""
71,"Georgia Institute of Technology","required_detector_screening","Required detector screening anywhere",0,"policy_markdown","",""
71,"Georgia Institute of Technology","required_disclosure_template","Required disclosure template OR standardized statement language",0,"policy_markdown","",""
71,"Georgia Institute of Technology","sanctions_for_nondisclosure","Sanctions for nondisclosure (incl. attribution failure)",0,"policy_markdown","",""
72,"Technical University of Munich","detector_mention_any","Detector mention at all",0,"policy_markdown","",""
72,"Technical University of Munich","detector_not_sole_evidence","Detector explicitly not sole evidence",0,"policy_markdown","",""
72,"Technical University of Munich","faculty_procedure_suspected_ai_misuse","Faculty procedures for suspected AI misuse",0,"policy_markdown","",""
72,"Technical University of Munich","required_detector_screening","Required detector screening anywhere",0,"policy_markdown","",""
72,"Technical University of Munich","required_disclosure_template","Required disclosure template OR standardized statement language",0,"policy_markdown","",""
72,"Technical University of Munich","sanctions_for_nondisclosure","Sanctions for nondisclosure (incl. attribution failure)",0,"policy_markdown","",""
73,"Vrije Universiteit Amsterdam","detector_mention_any","Detector mention at all",0,"policy_markdown","",""
73,"Vrije Universiteit Amsterdam","detector_not_sole_evidence","Detector explicitly not sole evidence",0,"policy_markdown","",""
73,"Vrije Universiteit Amsterdam","faculty_procedure_suspected_ai_misuse","Faculty procedures for suspected AI misuse",0,"policy_markdown","",""
73,"Vrije Universiteit Amsterdam","required_detector_screening","Required detector screening anywhere",0,"policy_markdown","",""
73,"Vrije Universiteit Amsterdam","required_disclosure_template","Required disclosure template OR standardized statement language",0,"policy_markdown","",""
73,"Vrije Universiteit Amsterdam","sanctions_for_nondisclosure","Sanctions for nondisclosure (incl. attribution failure)",0,"policy_markdown","",""
74,"University of Barcelona","detector_mention_any","Detector mention at all",0,"policy_markdown","",""
74,"University of Barcelona","detector_not_sole_evidence","Detector explicitly not sole evidence",0,"policy_markdown","",""
74,"University of Barcelona","faculty_procedure_suspected_ai_misuse","Faculty procedures for suspected AI misuse",0,"policy_markdown","",""
74,"University of Barcelona","required_detector_screening","Required detector screening anywhere",0,"policy_markdown","",""
74,"University of Barcelona","required_disclosure_template","Required disclosure template OR standardized statement language",0,"policy_markdown","",""
74,"University of Barcelona","sanctions_for_nondisclosure","Sanctions for nondisclosure (incl. attribution failure)",0,"policy_markdown","",""
75,"University of Technology Sydney","detector_mention_any","Detector mention at all",0,"policy_markdown","",""
75,"University of Technology Sydney","detector_not_sole_evidence","Detector explicitly not sole evidence",0,"policy_markdown","",""
75,"University of Technology Sydney","faculty_procedure_suspected_ai_misuse","Faculty procedures for suspected AI misuse",0,"policy_markdown","",""
75,"University of Technology Sydney","required_detector_screening","Required detector screening anywhere",0,"policy_markdown","",""
75,"University of Technology Sydney","required_disclosure_template","Required disclosure template OR standardized statement language",0,"policy_markdown","",""
75,"University of Technology Sydney","sanctions_for_nondisclosure","Sanctions for nondisclosure (incl. attribution failure)",0,"policy_markdown","",""
76,"University of Tokyo","detector_mention_any","Detector mention at all",0,"policy_markdown","",""
76,"University of Tokyo","detector_not_sole_evidence","Detector explicitly not sole evidence",0,"policy_markdown","",""
76,"University of Tokyo","faculty_procedure_suspected_ai_misuse","Faculty procedures for suspected AI misuse",0,"policy_markdown","",""
76,"University of Tokyo","required_detector_screening","Required detector screening anywhere",0,"policy_markdown","",""
76,"University of Tokyo","required_disclosure_template","Required disclosure template OR standardized statement language",0,"policy_markdown","",""
76,"University of Tokyo","sanctions_for_nondisclosure","Sanctions for nondisclosure (incl. attribution failure)",0,"policy_markdown","",""
77,"Australian National University","detector_mention_any","Detector mention at all",0,"policy_markdown","",""
77,"Australian National University","detector_not_sole_evidence","Detector explicitly not sole evidence",0,"policy_markdown","",""
77,"Australian National University","faculty_procedure_suspected_ai_misuse","Faculty procedures for suspected AI misuse",0,"policy_markdown","",""
77,"Australian National University","required_detector_screening","Required detector screening anywhere",0,"policy_markdown","",""
77,"Australian National University","required_disclosure_template","Required disclosure template OR standardized statement language",0,"policy_markdown","",""
77,"Australian National University","sanctions_for_nondisclosure","Sanctions for nondisclosure (incl. attribution failure)",0,"policy_markdown","",""
78,"Boston University","detector_mention_any","Detector mention at all",0,"policy_markdown","",""
78,"Boston University","detector_not_sole_evidence","Detector explicitly not sole evidence",0,"policy_markdown","",""
78,"Boston University","faculty_procedure_suspected_ai_misuse","Faculty procedures for suspected AI misuse",0,"policy_markdown","",""
78,"Boston University","required_detector_screening","Required detector screening anywhere",0,"policy_markdown","",""
78,"Boston University","required_disclosure_template","Required disclosure template OR standardized statement language",0,"policy_markdown","",""
78,"Boston University","sanctions_for_nondisclosure","Sanctions for nondisclosure (incl. attribution failure)",0,"policy_markdown","",""
79,"Ecole Polytechnique Federale de Lausanne","detector_mention_any","Detector mention at all",0,"policy_markdown","",""
79,"Ecole Polytechnique Federale de Lausanne","detector_not_sole_evidence","Detector explicitly not sole evidence",0,"policy_markdown","",""
79,"Ecole Polytechnique Federale de Lausanne","faculty_procedure_suspected_ai_misuse","Faculty procedures for suspected AI misuse",0,"policy_markdown","",""
79,"Ecole Polytechnique Federale de Lausanne","required_detector_screening","Required detector screening anywhere",0,"policy_markdown","",""
79,"Ecole Polytechnique Federale de Lausanne","required_disclosure_template","Required disclosure template OR standardized statement language",0,"policy_markdown","",""
79,"Ecole Polytechnique Federale de Lausanne","sanctions_for_nondisclosure","Sanctions for nondisclosure (incl. attribution failure)",0,"policy_markdown","",""
80,"Pennsylvania State University","detector_mention_any","Detector mention at all",0,"policy_markdown","",""
80,"Pennsylvania State University","detector_not_sole_evidence","Detector explicitly not sole evidence",0,"policy_markdown","",""
80,"Pennsylvania State University","faculty_procedure_suspected_ai_misuse","Faculty procedures for suspected AI misuse",0,"policy_markdown","",""
80,"Pennsylvania State University","required_detector_screening","Required detector screening anywhere",0,"policy_markdown","",""
80,"Pennsylvania State University","required_disclosure_template","Required disclosure template OR standardized statement language",0,"policy_markdown","",""
80,"Pennsylvania State University","sanctions_for_nondisclosure","Sanctions for nondisclosure (incl. attribution failure)",0,"policy_markdown","",""
81,"University of California Santa Barbara","detector_mention_any","Detector mention at all",1,"policy_markdown","AI detection tool","- Exercising caution with AI detection tools:"
81,"University of California Santa Barbara","detector_not_sole_evidence","Detector explicitly not sole evidence",0,"policy_markdown","",""
81,"University of California Santa Barbara","faculty_procedure_suspected_ai_misuse","Faculty procedures for suspected AI misuse",0,"policy_markdown","",""
81,"University of California Santa Barbara","required_detector_screening","Required detector screening anywhere",0,"policy_markdown","",""
81,"University of California Santa Barbara","required_disclosure_template","Required disclosure template OR standardized statement language",0,"policy_markdown","",""
81,"University of California Santa Barbara","sanctions_for_nondisclosure","Sanctions for nondisclosure (incl. attribution failure)",0,"policy_markdown","",""
82,"Queen Mary University London","detector_mention_any","Detector mention at all",0,"policy_markdown","",""
82,"Queen Mary University London","detector_not_sole_evidence","Detector explicitly not sole evidence",0,"policy_markdown","",""
82,"Queen Mary University London","faculty_procedure_suspected_ai_misuse","Faculty procedures for suspected AI misuse",0,"policy_markdown","",""
82,"Queen Mary University London","required_detector_screening","Required detector screening anywhere",0,"policy_markdown","",""
82,"Queen Mary University London","required_disclosure_template","Required disclosure template OR standardized statement language",0,"policy_markdown","",""
82,"Queen Mary University London","sanctions_for_nondisclosure","Sanctions for nondisclosure (incl. attribution failure)",0,"policy_markdown","",""
83,"University of Birmingham","detector_mention_any","Detector mention at all",0,"policy_markdown","",""
83,"University of Birmingham","detector_not_sole_evidence","Detector explicitly not sole evidence",0,"policy_markdown","",""
83,"University of Birmingham","faculty_procedure_suspected_ai_misuse","Faculty procedures for suspected AI misuse",0,"policy_markdown","",""
83,"University of Birmingham","required_detector_screening","Required detector screening anywhere",0,"policy_markdown","",""
83,"University of Birmingham","required_disclosure_template","Required disclosure template OR standardized statement language",0,"policy_markdown","",""
83,"University of Birmingham","sanctions_for_nondisclosure","Sanctions for nondisclosure (incl. attribution failure)",0,"policy_markdown","",""
84,"University of California Davis","detector_mention_any","Detector mention at all",0,"policy_markdown","",""
84,"University of California Davis","detector_not_sole_evidence","Detector explicitly not sole evidence",0,"policy_markdown","",""
84,"University of California Davis","faculty_procedure_suspected_ai_misuse","Faculty procedures for suspected AI misuse",0,"policy_markdown","",""
84,"University of California Davis","required_detector_screening","Required detector screening anywhere",0,"policy_markdown","",""
84,"University of California Davis","required_disclosure_template","Required disclosure template OR standardized statement language",0,"policy_markdown","",""
84,"University of California Davis","sanctions_for_nondisclosure","Sanctions for nondisclosure (incl. attribution failure)",0,"policy_markdown","",""
85,"University of California Irvine","detector_mention_any","Detector mention at all",0,"policy_markdown","",""
85,"University of California Irvine","detector_not_sole_evidence","Detector explicitly not sole evidence",0,"policy_markdown","",""
85,"University of California Irvine","faculty_procedure_suspected_ai_misuse","Faculty procedures for suspected AI misuse",0,"policy_markdown","",""
85,"University of California Irvine","required_detector_screening","Required detector screening anywhere",0,"policy_markdown","",""
85,"University of California Irvine","required_disclosure_template","Required disclosure template OR standardized statement language",0,"policy_markdown","",""
85,"University of California Irvine","sanctions_for_nondisclosure","Sanctions for nondisclosure (incl. attribution failure)",0,"policy_markdown","",""
86,"University of Western Australia","detector_mention_any","Detector mention at all",0,"policy_markdown","",""
86,"University of Western Australia","detector_not_sole_evidence","Detector explicitly not sole evidence",0,"policy_markdown","",""
86,"University of Western Australia","faculty_procedure_suspected_ai_misuse","Faculty procedures for suspected AI misuse",0,"policy_markdown","",""
86,"University of Western Australia","required_detector_screening","Required detector screening anywhere",0,"policy_markdown","",""
86,"University of Western Australia","required_disclosure_template","Required disclosure template OR standardized statement language",1,"policy_markdown","appendix evidencing all AI use","Referencing requirements In this example, AI -generated content must be referenced and a separate appendix evidencing all AI use must be submitted ."
86,"University of Western Australia","sanctions_for_nondisclosure","Sanctions for nondisclosure (incl. attribution failure)",0,"policy_markdown","",""
87,"University of Adelaide","detector_mention_any","Detector mention at all",0,"policy_markdown","",""
87,"University of Adelaide","detector_not_sole_evidence","Detector explicitly not sole evidence",0,"policy_markdown","",""
87,"University of Adelaide","faculty_procedure_suspected_ai_misuse","Faculty procedures for suspected AI misuse",0,"policy_markdown","",""
87,"University of Adelaide","required_detector_screening","Required detector screening anywhere",0,"policy_markdown","",""
87,"University of Adelaide","required_disclosure_template","Required disclosure template OR standardized statement language",0,"policy_markdown","",""
87,"University of Adelaide","sanctions_for_nondisclosure","Sanctions for nondisclosure (incl. attribution failure)",0,"policy_markdown","",""
88,"University of Oslo","detector_mention_any","Detector mention at all",0,"policy_markdown","",""
88,"University of Oslo","detector_not_sole_evidence","Detector explicitly not sole evidence",0,"policy_markdown","",""
88,"University of Oslo","faculty_procedure_suspected_ai_misuse","Faculty procedures for suspected AI misuse",0,"policy_markdown","",""
88,"University of Oslo","required_detector_screening","Required detector screening anywhere",0,"policy_markdown","",""
88,"University of Oslo","required_disclosure_template","Required disclosure template OR standardized statement language",1,"policy_markdown","Declaration template","## Declaration template Based on the current praxis at major scientific publishers, we have designed this template for declaring generative AI usage."
88,"University of Oslo","sanctions_for_nondisclosure","Sanctions for nondisclosure (incl. attribution failure)",0,"policy_markdown","",""
