source_relpath,output_relpath,source_type,source_sha256,status,error,extraction_method,content_characters,dataset_match,dataset_row_id,institution,source_url
00_source_material/01_chinese_original/03_【2025届本科生毕业论文5号】关于本科生毕业论文（设计）查重的说明.html,00_source_material/04_policy_markdown/01_chinese_original/03_【2025届本科生毕业论文5号】关于本科生毕业论文（设计）查重的说明.md,html,6ee2b9ca59d74064d715d77ca9beb8bd214b32840fb93a3fc05f40536d27105e,ok,,special:class-article-content,1161,,,,
00_source_material/01_chinese_original/06_关于加强2025年本科毕业论文（设计）管理工作的通知.html,00_source_material/04_policy_markdown/01_chinese_original/06_关于加强2025年本科毕业论文（设计）管理工作的通知.md,html,77c610658965837f4c3f53700d8cfef875b679951716b903aa514545475fd337,ok,,heuristic:id-class,3240,,,,
00_source_material/01_chinese_original/09_关于做好2025届本科毕业设计(论文)检测工作的通知.html,00_source_material/04_policy_markdown/01_chinese_original/09_关于做好2025届本科毕业设计(论文)检测工作的通知.md,html,aa6bd05018e693a0ed79ee4401a0550264f2493309cc3b85574d7931366f535e,ok,,special:class-v_news_content,2618,,,,
00_source_material/01_chinese_original/10_西安交通大学.pdf,00_source_material/04_policy_markdown/01_chinese_original/10_西安交通大学.md,pdf,8572b49bdb8fad65068490bfad733670da9e351f52133b2758e7b5e9315728b3,ok,,pypdf2:page-text,1125,S1,10,西安交通大学,
00_source_material/01_chinese_original/15_关于开展2025届本科毕业论文（设计）学术不端行为检测工作的通知-四川大学教务处.html,00_source_material/04_policy_markdown/01_chinese_original/15_关于开展2025届本科毕业论文（设计）学术不端行为检测工作的通知-四川大学教务处.md,html,bc641fd755e378ef8bf7f5d2ddb907e882efaea6d5ea2581397856154152e288,ok,,special:class-v_news_content,1119,S1,16,四川大学,https://jwc.scu.edu.cn/info/1047/9802.htm
00_source_material/01_chinese_original/16_关于2024届本科毕业设计（论文）报告提交及查重检测工作的说明.html,00_source_material/04_policy_markdown/01_chinese_original/16_关于2024届本科毕业设计（论文）报告提交及查重检测工作的说明.md,html,2486efe0b65213206d8cb285559409e275aeefc4cee77e159917891223ef3335,ok,,heuristic:id-class,1838,,,,
00_source_material/01_chinese_original/26_关于软件学院2025届本科生毕业论文（设计）评阅抽检工作的通知-吉林大学软件学院.html,00_source_material/04_policy_markdown/01_chinese_original/26_关于软件学院2025届本科生毕业论文（设计）评阅抽检工作的通知-吉林大学软件学院.md,html,8be9dd686ed8d997eb8e8cc5be3d50a1330ea025a5d77fc0e586179042ead534,ok,,special:class-v_news_content,2937,S1,27,吉林大学,https://csw.jlu.edu.cn/info/1095/7833.htm
00_source_material/01_chinese_original/27_关于2025年上学期研究生学位授予工作有关事项的通知-研究生院.html,00_source_material/04_policy_markdown/01_chinese_original/27_关于2025年上学期研究生学位授予工作有关事项的通知-研究生院.md,html,5e8e531dcb01a9581650628f57bbc9a823fe66dbd601a24f4fea45c7082129f8,ok,,special:class-v_news_content,2893,,,,
00_source_material/01_chinese_original/36_【本科生教学】关于在2025届本科毕业设计（论文）中规范AI工具使用的通知.html,00_source_material/04_policy_markdown/01_chinese_original/36_【本科生教学】关于在2025届本科毕业设计（论文）中规范AI工具使用的通知.md,html,a7aadf35578794b549a39c3053949067f08e5f8c3f0e53fef82c8917af24ceb0,ok,,heuristic:id-class,1496,,,,
00_source_material/01_chinese_original/40_关于2025年（2021级）本科生毕业设计（论文）盲审工作安排的通知-本科生院 西安电子科技大学.html,00_source_material/04_policy_markdown/01_chinese_original/40_关于2025年（2021级）本科生毕业设计（论文）盲审工作安排的通知-本科生院 西安电子科技大学.md,html,0541b1f79eec51dac48421148ef80cd9c81eaeb0d0ed2efa5ef41e6c7d5aa522,ok,,special:class-v_news_content,1601,,,,
00_source_material/01_chinese_original/42_北京交通大学关于做好2025届本科毕业论文后期工作的通知.pdf,00_source_material/04_policy_markdown/01_chinese_original/42_北京交通大学关于做好2025届本科毕业论文后期工作的通知.md,pdf,57bffe4f089d821ede61fa1c94e3582f5229ab30dee186b5a926ae712e53d01d,ok,,pypdf2:page-text,238,S1,46,北京交通大学,"https://civil.bjtu.edu.cn/media/attachments/2025/04/20250429174928_210.pdf
https://civil.bjtu.edu.cn/cms/item/23750.html"
00_source_material/01_chinese_original/52_关于开展2025届本科毕业设计（论文）评阅、学术不端系统检测的通知-VATUU为途教学信息服务平台.html,00_source_material/04_policy_markdown/01_chinese_original/52_关于开展2025届本科毕业设计（论文）评阅、学术不端系统检测的通知-VATUU为途教学信息服务平台.md,html,5ec63b6440dbe1c1f25e76064aeeede1653fb4eab80ddab43f2aec802ed2b894,ok,,heuristic:id-class,1020,,,,
00_source_material/01_chinese_original/54_关于做好本科毕业论文（设计）、查重检测及抽检相关工作的通知-中国地质大学本科生院.html,00_source_material/04_policy_markdown/01_chinese_original/54_关于做好本科毕业论文（设计）、查重检测及抽检相关工作的通知-中国地质大学本科生院.md,html,10a3eae0bdc337c58f4db3b1666fab2c22ddc136f31b8992f76fcca69b66e27f,ok,,special:class-v_news_content,2358,,,,
00_source_material/01_chinese_original/66_关于开展2025届本科毕业论文（设计）检测、抽检及答辩工作的通知-西南大学本科生院.html,00_source_material/04_policy_markdown/01_chinese_original/66_关于开展2025届本科毕业论文（设计）检测、抽检及答辩工作的通知-西南大学本科生院.md,html,ba2cf6423793680bea9de1438528c90ad35ceda82de200ca9420c65ffd3fdf67,ok,,special:class-v_news_content,2331,S1,80,西南大学,https://ugs.swu.edu.cn/info/1012/3674.htm
00_source_material/01_chinese_original/71_西北农林科技大学机械与电子工程学院.html,00_source_material/04_policy_markdown/01_chinese_original/71_西北农林科技大学机械与电子工程学院.md,html,3cb246b47b8a311c0cacca3016e5d355df7936a4c506acb4c8d22c5c8d4bb4d2,ok,,semantic:main,2964,S1,86,西北农林科技大学,https://cmee.nwsuaf.edu.cn/xwzx/xytz/52e119da18b34a6b8209c6aa20023ad2.htm
00_source_material/01_chinese_original/72_关于开展2025届本科生毕业设计（论文）工作的通知-北京工业大学教务处.html,00_source_material/04_policy_markdown/01_chinese_original/72_关于开展2025届本科生毕业设计（论文）工作的通知-北京工业大学教务处.md,html,f34937c4d1afeebc18096b90074575bd4be6dad9ff1365bbe916825584f319bf,ok,,special:class-v_news_content,1135,S1,87,北京工业大学,https://undergrad.bjut.edu.cn/info/1216/3215.htm
00_source_material/01_chinese_original/75_中国地质大学（北京）教务处.html,00_source_material/04_policy_markdown/01_chinese_original/75_中国地质大学（北京）教务处.md,html,41690a4a66c7b98d8da575c4620e60552e32a3d2bfa638d34ca1e3768bd24f21,ok,,heuristic:id-class,927,S1,91,中国地质大学（北京）,https://jwc.cugb.edu.cn/c/2025-05-14/826040.shtml
00_source_material/01_chinese_original/77_关于做好2025届本科生毕业设计（论文）工作的通知-福州大学-建筑与城乡规划学院.html,00_source_material/04_policy_markdown/01_chinese_original/77_关于做好2025届本科生毕业设计（论文）工作的通知-福州大学-建筑与城乡规划学院.md,html,971312eaa5f22a24f112e3a4f59a595658c51b917d094ea7c66302a369c164cf,ok,,special:class-v_news_content,7601,S1,96,福州大学,https://jzxy.fzu.edu.cn/info/1013/3232.htm
00_source_material/01_chinese_original/80_关于加强2025届本科毕业论文（设计）规范管理的通知 - 本科培养 - 华南师范大学经济与管理学院.html,00_source_material/04_policy_markdown/01_chinese_original/80_关于加强2025届本科毕业论文（设计）规范管理的通知 - 本科培养 - 华南师范大学经济与管理学院.md,html,569a670c4a75d834ed7a277f2fb426576b7c8fe23f7d66fcbb2dff98a30ab5c1,ok,,special:class-article-content,2242,S1,99,华南师范大学,http://em.scnu.edu.cn/a/20250314/10543.html
00_source_material/01_chinese_original/82_AA9B4251DB4F3F7C7456155F3BE_943364B4_2115F.pdf,00_source_material/04_policy_markdown/01_chinese_original/82_AA9B4251DB4F3F7C7456155F3BE_943364B4_2115F.md,pdf,256b2556dca4ea9d25d98807bf9c603eb01beb46e6bf3024269555667dfbe5dd,ok,,pypdf2:page-text,1969,,,,
00_source_material/01_chinese_original/83_关于对我校2024届毕业研究生学位论文进行AI检测的通知 华北电力大学研究生院.html,00_source_material/04_policy_markdown/01_chinese_original/83_关于对我校2024届毕业研究生学位论文进行AI检测的通知 华北电力大学研究生院.md,html,3056d6f695bdeb444c1e4b75098a6744e0fa68615ddbf3d0b43c825480b099c6,ok,,heuristic:id-class,312,S1,106,华北电力大学,https://yjsy.ncepu.edu.cn/tzgg/9f64c23df5914e53b821a413943280db.htm
00_source_material/01_chinese_original/90_关于做好2025届本科毕业论文（设计）检测工作的通知-毕业论文（设计）-南京林业大学教务处.html,00_source_material/04_policy_markdown/01_chinese_original/90_关于做好2025届本科毕业论文（设计）检测工作的通知-毕业论文（设计）-南京林业大学教务处.md,html,412c680f084fc7976490b351b321ea250344407423a5025a1efbd7495798a497,ok,,special:id-zoom+companion_pdf_text,1192,S1,116,南京林业大学,http://jwc.njfu.edu.cn//sjjx/bysjlw/20250424/i338126.html
00_source_material/01_chinese_original/90_关于做好2025届本科毕业论文（设计）检测工作的通知-毕业论文（设计）-南京林业大学教务处.pdf,00_source_material/04_policy_markdown/01_chinese_original/90_关于做好2025届本科毕业论文（设计）检测工作的通知-毕业论文（设计）-南京林业大学教务处.md,pdf,f31a4fe5cada63c412aea350df8573e38ba987b849f918a92d8fe58042ec25f2,ok,,pypdf2:page-text,1192,S1,116,南京林业大学,http://jwc.njfu.edu.cn//sjjx/bysjlw/20250424/i338126.html
00_source_material/01_chinese_original/92_关于2025届本科毕业论文中后期工作的通知.html,00_source_material/04_policy_markdown/01_chinese_original/92_关于2025届本科毕业论文中后期工作的通知.md,html,440ac27722105a0c85c7078d2f51d650f7893d5ff4865911bbc125ef63543725,ok,,heuristic:id-class,3559,,,,
00_source_material/01_chinese_original/93_海南大学教务处.pdf,00_source_material/04_policy_markdown/01_chinese_original/93_海南大学教务处.md,pdf,0f2a541f9050579ef2eee671e6357b5d07c21616eb41263233fe2c0536bea419,ok,,pypdf2:page-text,631,S1,119,海南大学,https://jwc.hainanu.edu.cn/__local/1/04/AA/FD034AC1081D9280A636BC5666B_1D7E8AAB_1BE81.pdf
00_source_material/01_chinese_original/94_关于做好2025届本科毕业设计（论文）查重和AIGC检测工作的通知-教务处.html,00_source_material/04_policy_markdown/01_chinese_original/94_关于做好2025届本科毕业设计（论文）查重和AIGC检测工作的通知-教务处.md,html,005dc8a0206d7c5cb2194bbeb0b99920d92cdfa13b99e19b6c63dae0d576f35f,ok,,special:class-v_news_content,1169,,,,
00_source_material/01_chinese_original/95_关于做好2025届本科毕业论文（设计）工作的通知.html,00_source_material/04_policy_markdown/01_chinese_original/95_关于做好2025届本科毕业论文（设计）工作的通知.md,html,76f9c0ecd4a34476ff8407673001241fb4d021a79b99f2a418eff5f84e3b7d21,ok,,heuristic:id-class,3479,,,,
00_source_material/01_chinese_original/96_关于做好2025届本科毕业设计（论文）工作的通知-广东工业大学轻工化工学院.html,00_source_material/04_policy_markdown/01_chinese_original/96_关于做好2025届本科毕业设计（论文）工作的通知-广东工业大学轻工化工学院.md,html,1198e70910ee569751253568fba5afa4ab692fd6068bc9d7722a72b17894be0b,ok,,special:class-v_news_content,3468,S1,123,广东工业大学,https://qghgxy.gdut.edu.cn/info/1105/11933.htm
00_source_material/01_chinese_original/中医3_关于做好2025届本科生毕业设计（论文）学术不端行为检测相关工作的通知-南京中医药大学翰林学院 教务处.html,00_source_material/04_policy_markdown/01_chinese_original/中医3_关于做好2025届本科生毕业设计（论文）学术不端行为检测相关工作的通知-南京中医药大学翰林学院 教务处.md,html,2f5472b007227783e74c5b614f89468bebb73a643ab10110066d279f2cb230c9,ok,,heuristic:id-class,1985,S1,121,南京中医药大学,https://jwc.hlxy.edu.cn/info/1172/6323.htm
00_source_material/01_chinese_original/医11_关于做好2025届本科生毕业论文（设计）质量管理的通知-重庆医科大学教务处.html,00_source_material/04_policy_markdown/01_chinese_original/医11_关于做好2025届本科生毕业论文（设计）质量管理的通知-重庆医科大学教务处.md,html,4754a7ee74efbd6536616082f22ac17d3026a6c549922b56f754771cdec17b3d,ok,,special:class-v_news_content,1470,S1,111,重庆医科大学,https://jwc.cqmu.edu.cn/info/1007/3361.htm
00_source_material/01_chinese_original/财6_关于开展2025届本科生毕业论文(设计)检测工作的通知 -- 通知公告 -- 东北财经大学萨里国际学院.html,00_source_material/04_policy_markdown/01_chinese_original/财6_关于开展2025届本科生毕业论文(设计)检测工作的通知 -- 通知公告 -- 东北财经大学萨里国际学院.md,html,34ab93982435db03e1940c5a189e7f74beb61faff34d0a54da23c53e1a8061c8,ok,,heuristic:id-class,229,S1,103,东北财经大学,https://surrey.dufe.edu.cn/content_91162.html
00_source_material/02_international_original/01_Generative AI Guidelines _ Harvard University Information Technology.html,00_source_material/04_policy_markdown/02_international_original/01_Generative AI Guidelines _ Harvard University Information Technology.md,html,6fdf8a4b37aaeb806b43ad8bd1fb4e949ff43f933a8d914678e62a2774e0757e,ok,,semantic:article,3937,S2,1,Harvard University,https://www.huit.harvard.edu/ai/guidelines
00_source_material/02_international_original/02_Guidance for use of Generative AI tools _ Information Systems & Technology.html,00_source_material/04_policy_markdown/02_international_original/02_Guidance for use of Generative AI tools _ Information Systems & Technology.md,html,7004c99b31e48d8de8f59f4bb800d8dfec497cf9444b2da04ae8faf9d1cdbd4e,ok,,heuristic:id-class,6087,S2,2,Massachusetts Institute of Technology (MIT),https://ist.mit.edu/ai-guidance
00_source_material/02_international_original/03_Generative AI Policy Guidance _ Office of Community Standards.html,00_source_material/04_policy_markdown/02_international_original/03_Generative AI Policy Guidance _ Office of Community Standards.md,html,71e9a904a4f49a8191fd27b58b1acfcd94a3ce9a872ef52c438de73af45d72fa,ok,,semantic:main,2502,S2,3,Stanford University,https://communitystandards.stanford.edu/generative-ai-policy-guidance
00_source_material/02_international_original/04_Policy for using Generative AI in Research_ guidelines for researchers and professional staff _ University of Oxford.html,00_source_material/04_policy_markdown/02_international_original/04_Policy for using Generative AI in Research_ guidelines for researchers and professional staff _ University of Oxford.md,html,8ca4b92cca2b9db6518aeaadf3ae528ead98b71d44a1371171913ecadc4bc069,ok,,heuristic:id-class,22739,S2,4,University of Oxford,https://www.ox.ac.uk/research/support-researchers/research-practice/policy-generative-ai-research
00_source_material/02_international_original/05_Academic misconduct_ plagiarism and use of AI _ Department of History and Philosophy of Science.html,00_source_material/04_policy_markdown/02_international_original/05_Academic misconduct_ plagiarism and use of AI _ Department of History and Philosophy of Science.md,html,563d4b59b173b2c84bb3b8674a7b8a639d927e82a184c2306355c97c6f15ca35,ok,,heuristic:id-class,11916,S2,5,University of Cambridge,https://www.hps.cam.ac.uk/students/academic-misconduct
"00_source_material/02_international_original/06_Appropriate Use of Generative AI Tools _ Office of Ethics, Risk, and Compliance Services.html","00_source_material/04_policy_markdown/02_international_original/06_Appropriate Use of Generative AI Tools _ Office of Ethics, Risk, and Compliance Services.md",html,bc1d49103ab3abc8c8dca7ed0ebaf8c7cf40592d76bd247b229bc8490b1db17d,ok,,semantic:role-main,8687,S2,6,University of California Berkeley,https://oercs.berkeley.edu/appropriate-use-generative-ai-tools
00_source_material/02_international_original/07_Engaging with Generative AI in your education and assessment _ Students - UCL – University College London.html,00_source_material/04_policy_markdown/02_international_original/07_Engaging with Generative AI in your education and assessment _ Students - UCL – University College London.md,html,2495786ee76d6c9dd5a844e66cc5f729b3af6c04f187346c853111525d963aee,ok,,heuristic:id-class,4438,S2,7,University College London,https://www.ucl.ac.uk/students/exams-and-assessments/assessment-success-guide/engaging-generative-ai-your-education-and-assessment
00_source_material/02_international_original/08_Using AI Ethically to Enhance Learning - Academic Integrity and Plagiarism Prevention Resources - Library Guides at Univ.html,00_source_material/04_policy_markdown/02_international_original/08_Using AI Ethically to Enhance Learning - Academic Integrity and Plagiarism Prevention Resources - Library Guides at Univ.md,html,441480beeb39f7150d56cf3a9b8acd28fee7f726afee4088552d5632f1d4168c,ok,,heuristic:id-class,4156,S2,8,University of Washington Seattle,https://guides.lib.uw.edu/c.php?g=345664&p=10592021&_gl=1*1d4lvzl*_ga*MTI0OTk1NDY3OC4xNzY2MDQ2NDA2*_ga_3T65WK0BM8*czE3NjYwNDY0MDUkbzEkZzEkdDE3NjYwNDY2ODAkajI5JGwwJGgw*_gcl_au*MTE5MTQ0MjQxNi4xNzY2MDQ2NDA0*_ga_JLHM9WH4JV*czE3NjYwNDY0MDYkbzEkZzEkdDE3NjYwNDY2ODAkajI5JGwwJGgw
00_source_material/02_international_original/09_Guidelines for the Use of Generative AI Tools _ Office of the Provost.html,00_source_material/04_policy_markdown/02_international_original/09_Guidelines for the Use of Generative AI Tools _ Office of the Provost.md,html,a92ba4b20456ad4cdaf84eaf193dd06cb001bc80c506c3d3332bd3815f81fbf4,ok,,semantic:main,3629,S2,9,Yale University,https://provost.yale.edu/news/guidelines-use-generative-ai-tools
00_source_material/02_international_original/100_Suggestion for declaration of AI usage in assignments - KURT – Centre for Teaching and Learning in Science.html,00_source_material/04_policy_markdown/02_international_original/100_Suggestion for declaration of AI usage in assignments - KURT – Centre for Teaching and Learning in Science.md,html,5304fd9a9faf149f971be87b50b386fb9bf2ce9b92f2fc853925da474357ddba,ok,,semantic:main,9135,S2,88,University of Oslo,https://www.mn.uio.no/kurt/english/artificial-intelligence/templates-for-declaration-of-AI-in-assignments.html
00_source_material/02_international_original/10_Generative AI Policy _ Office of the Provost.html,00_source_material/04_policy_markdown/02_international_original/10_Generative AI Policy _ Office of the Provost.md,html,2f957c0ffbd2688ac78bc99faf4fceb056432eb461a2367dd3e75d602cc29677,ok,,heuristic:id-class,19743,S2,10,Columbia University,https://provost.columbia.edu/content/office-senior-vice-provost/ai-policy
00_source_material/02_international_original/11_Generative AI guidance _ Administration and support services _ Imperial College London.html,00_source_material/04_policy_markdown/02_international_original/11_Generative AI guidance _ Administration and support services _ Imperial College London.md,html,f208856de9afb3a601a502442e12e2db7849e60822f92bb392ba16cc3f4faf2f,ok,,semantic:main,5080,S2,11,Imperial College London,https://www.imperial.ac.uk/admin-services/library/learning-support/generative-ai-guidance/
00_source_material/02_international_original/13_Guiding Principles for Responsible Use _ Digital & Technology Solutions.html,00_source_material/04_policy_markdown/02_international_original/13_Guiding Principles for Responsible Use _ Digital & Technology Solutions.md,html,8b4678280c0bd57c3ad0e3a8abe4f844fb044ff6176c8eabe2473bb833e25431,ok,,heuristic:id-class,5860,S2,12,University of California Los Angeles,https://dts.ucla.edu/initiatives/ai/guiding-principles-responsible-use
00_source_material/02_international_original/14_Generative AI Tools – Johns Hopkins Engineering CTLD.html,00_source_material/04_policy_markdown/02_international_original/14_Generative AI Tools – Johns Hopkins Engineering CTLD.md,html,44524a9bddf8238e438c9d7b120d058b0bc240fc1f4caf1a11efbc868b4c80ca,ok,,heuristic:id-class,2152,S2,13,Johns Hopkins University,https://engineering.jhu.edu/ctld/chatgpt/ai-tools/
00_source_material/02_international_original/15_Statement on Guidance for the University of Pennsylvania Community on Use of Generative Artificial Intelligence _ Inform.html,00_source_material/04_policy_markdown/02_international_original/15_Statement on Guidance for the University of Pennsylvania Community on Use of Generative Artificial Intelligence _ Inform.md,html,5fbcbcd4c254ed5011cf9993dd435a10f02041713b31c222e633b2980c47b1c1,ok,,semantic:main,10623,S2,14,University of Pennsylvania,https://isc.upenn.edu/security/AI-guidance
00_source_material/02_international_original/16_AI & Academic Integrity _ Center for Teaching Innovation.html,00_source_material/04_policy_markdown/02_international_original/16_AI & Academic Integrity _ Center for Teaching Innovation.md,html,a607ddfd10ef3b4013e37f81ad58761631775732a5562381944b0e77025e7404,ok,,semantic:main,8145,S2,15,Cornell University,https://teaching.cornell.edu/generative-artificial-intelligence/ai-academic-integrity
00_source_material/02_international_original/17_Generative AI Tools Use Policy _ Office of Information Technology.html,00_source_material/04_policy_markdown/02_international_original/17_Generative AI Tools Use Policy _ Office of Information Technology.md,html,1237b13c3b57e80182d3cace9467a91dc7de397fae4524a45c3c160df5435780,ok,,semantic:main,3771,S2,16,Princeton University,https://oit.princeton.edu/policies/generative-ai-tools-use-policy
00_source_material/02_international_original/18_Considerations for using Generative AI _ AI@UCSF.html,00_source_material/04_policy_markdown/02_international_original/18_Considerations for using Generative AI _ AI@UCSF.md,html,5e7102b368d0bafb003988137256f9245d17b929bd8bf833ab5702c4ff90aaa8,ok,,semantic:main,4125,S2,17,University of California San Francisco,https://ai.ucsf.edu/considerations-using-generative-ai
00_source_material/02_international_original/19_Guidance on the Appropriate Use of Generative Artificial Intelligence for Graduate Academic Milestones – School of Gradu.html,00_source_material/04_policy_markdown/02_international_original/19_Guidance on the Appropriate Use of Generative Artificial Intelligence for Graduate Academic Milestones – School of Gradu.md,html,8525eddbbc7a8d73fb8f6510bcabecf6096e4b721a76c9bd75ebb2da5b5cca6b,ok,,semantic:main,19768,S2,18,University of Toronto,https://www.sgs.utoronto.ca/about/guidance-on-the-use-of-generative-artificial-intelligence/
00_source_material/02_international_original/20_AI Guidelines - Library Essentials - LibGuides at National University of Singapore.html,00_source_material/04_policy_markdown/02_international_original/20_AI Guidelines - Library Essentials - LibGuides at National University of Singapore.md,html,bc87d2518deb39053531b84c8e4bfad937b83f947a785636e5e196b24eba7d40,ok,,heuristic:id-class,1880,S2,19,National University of Singapore,https://libguides.nus.edu.sg/new2nus/ai_guidelines_infographics
00_source_material/02_international_original/21_AI Guidelines for Campus Communicators.html,00_source_material/04_policy_markdown/02_international_original/21_AI Guidelines for Campus Communicators.md,html,cf0afabdb455587bbe12f61a44f286194f9e426cf9aa153bcdc8f4f5bc3ef84b,ok,,semantic:main,9485,S2,20,University of California San Diego,https://univcomms.ucsd.edu/resources/ai-guidance/index.html
00_source_material/02_international_original/22_Guidance and Policies Related to Use of GenAI for Rackham Applicants _ Rackham Graduate School_ University of Michigan.html,00_source_material/04_policy_markdown/02_international_original/22_Guidance and Policies Related to Use of GenAI for Rackham Applicants _ Rackham Graduate School_ University of Michigan.md,html,437be243ad79b99b3bdc22aa9997e5f1a68a4b7e6f3ea27a6e650c06990669a9,ok,,semantic:article,5439,S2,21,University of Michigan,https://rackham.umich.edu/admissions/applying/guidance-and-policies-related-to-use-of-genai-for-rackham-applicants
00_source_material/02_international_original/23_Guidance on the Use of Generative AI and Large Language Model Tools - www.caltech.edu.html,00_source_material/04_policy_markdown/02_international_original/23_Guidance on the Use of Generative AI and Large Language Model Tools - www.caltech.edu.md,html,fcb58514399842505644555436f4fb057741862b923cf361a87b5c4db076aeee,ok,,semantic:main,4715,S2,22,California Institute of Technology,https://www.caltech.edu/campus-life-events/campus-announcements/guidance-on-the-use-of-generative-ai-and-large-language-model-tools
00_source_material/02_international_original/24_Northwestern Guidance on the Use of Generative AI_ Information Technology - Northwestern University.html,00_source_material/04_policy_markdown/02_international_original/24_Northwestern Guidance on the Use of Generative AI_ Information Technology - Northwestern University.md,html,ba77cd7a4effadeadc86babb442da7a441be6a8f2e5f3c0ebbf18ae0d82e8e3b,ok,,semantic:main,4765,S2,23,Northwestern University,https://www.it.northwestern.edu/about/policies/guidance-on-the-use-of-generative-ai.html
00_source_material/02_international_original/26_Generative AI Guidance _ University of Chicago.html,00_source_material/04_policy_markdown/02_international_original/26_Generative AI Guidance _ University of Chicago.md,html,b3c15ce0f98b8c7a6b7a9fd5367ebe1d671e973ca14e880fadb450c6ca330fe2,ok,,semantic:main,12071,S2,24,University of Chicago,https://genai.uchicago.edu/about/generative-ai-guidance
00_source_material/02_international_original/27_Artificial Intelligence Policies_ Guidelines and Considerations - Duke Center for Teaching and Learning.html,00_source_material/04_policy_markdown/02_international_original/27_Artificial Intelligence Policies_ Guidelines and Considerations - Duke Center for Teaching and Learning.md,html,62f04da6ecb34af95c6f384ec359712decbb47ad3fff474883c58ac73d911696,ok,,heuristic:id-class,10975,S2,25,Duke University,https://ctl.duke.edu/ai-and-teaching-at-duke-2/artificial-intelligence-policies-in-syllabi-guidelines-and-considerations/
00_source_material/02_international_original/28_NTU Policy on the Use of Generative Artificial Intelligence in Research _ Research _ NTU Singapore.html,00_source_material/04_policy_markdown/02_international_original/28_NTU Policy on the Use of Generative Artificial Intelligence in Research _ Research _ NTU Singapore.md,html,6abbd24bd193ce3258e28d71f9f73c78d1facc26e9abd0bba72225809266de19,ok,,semantic:article,5972,S2,26,Nanyang Technological University,https://www.ntu.edu.sg/research/resources/use-of-gai-in-research
00_source_material/02_international_original/29_Artificial intelligence - The University of Sydney.html,00_source_material/04_policy_markdown/02_international_original/29_Artificial intelligence - The University of Sydney.md,html,9205f28a8b240dfcb4f8e59e603ddbbb86e6c7f4b770db7ab09466903e25415f,ok,,heuristic:id-class,7036,S2,27,University of Sydney,https://www.sydney.edu.au/students/academic-integrity/artificial-intelligence.html
00_source_material/02_international_original/30_Melbourne_GenAI and Student Academic Integrity.html,00_source_material/04_policy_markdown/02_international_original/30_Melbourne_GenAI and Student Academic Integrity.md,html,1d00b4a7f5fc0f14ae34f453abfeeb697c1e24c32db7fe2dbe16fa9417f557f8,ok,,heuristic:id-class,4964,S2,28,University of Melbourne,https://msd.unimelb.edu.au/belt/quality/generative-ai/genai-and-student-academic-integrity
00_source_material/02_international_original/31_Responsible Use of Generative AI _ WashU+AI _ Washington University in St. Louis.html,00_source_material/04_policy_markdown/02_international_original/31_Responsible Use of Generative AI _ WashU+AI _ Washington University in St. Louis.md,html,a8f1409feb5d5ef9f224412a357f543070aa76cd6a85e3ca1c6e3a3cdd60c937,ok,,heuristic:id-class,1940,S2,29,Washington University (WUSTL),https://genai.wustl.edu/responsibleuse/
00_source_material/02_international_original/32_Academic Integrity for Students at NYU.html,00_source_material/04_policy_markdown/02_international_original/32_Academic Integrity for Students at NYU.md,html,30b970923e1b58f5ff8be9174cde2bf4e21395061af6987bbd2f4d6fd4f825e3,ok,,semantic:main,6301,S2,30,New York University,https://www.nyu.edu/about/policies-guidelines-compliance/policies-and-guidelines/academic-integrity-for-students-at-nyu.html
00_source_material/02_international_original/33_Policy framework and guidelines on GenAI in education - University of Amsterdam.html,00_source_material/04_policy_markdown/02_international_original/33_Policy framework and guidelines on GenAI in education - University of Amsterdam.md,html,bf23813a71fde272160927b77a9b912ef951ed22730285960f97623ac32e6359,ok,,semantic:main,1544,,,,
00_source_material/02_international_original/34_Using AI in university _ Current Students – UNSW Sydney.html,00_source_material/04_policy_markdown/02_international_original/34_Using AI in university _ Current Students – UNSW Sydney.md,html,5b6142fbcec5cfdd5f7038a9c5f63142366add0b7430e6bf5ba16a147a963a73,ok,,semantic:main,19722,S2,32,University of New South Wales Sydney,https://www.unsw.edu.au/student/managing-your-studies/academic-skills-support/toolkit/ai
00_source_material/02_international_original/35_Plagiarism and generative Artificial Intelligence (genAI) – ETH Library _ ETH Zurich.html,00_source_material/04_policy_markdown/02_international_original/35_Plagiarism and generative Artificial Intelligence (genAI) – ETH Library _ ETH Zurich.md,html,3129abfb3fb2ae200bca3a04075dacf0220d0fca7c83a20ce6ad74284199bc17,ok,,heuristic:id-class,12404,S2,33,ETH Zurich,https://library.ethz.ch/en/researching-and-publishing/scientific-writing-at-eth-zurich/plagiat-und-kuenstliche-intelligenz-ki.html#legal-framework
00_source_material/02_international_original/36_Generative AI - Student guidance _ King's College London.html,00_source_material/04_policy_markdown/02_international_original/36_Generative AI - Student guidance _ King's College London.md,html,75c2de74c6c8f24851089a241eadd04e6956d6c0147e5683fd2d25d000932779,ok,,semantic:main,14982,S2,34,King's College London,https://www.kcl.ac.uk/about/strategy/learning-and-teaching/ai-guidance/student-guidance
00_source_material/02_international_original/37_ChineseHK_A-guide-for-students_use-of-AI-tools.pdf,00_source_material/04_policy_markdown/02_international_original/37_ChineseHK_A-guide-for-students_use-of-AI-tools.md,pdf,566b3c930b670bbd10231bb6912875947a91ea81e3e4de626c957efd801de5c2,ok,,pypdf2:page-text,15002,S2,35,Chinese University of Hong Kong,https://www.aqs.cuhk.edu.hk/documents/A-guide-for-students_use-of-AI-tools.pdf
00_source_material/02_international_original/38_Monash_Guidance on Generative AI - Graduate Research.html,00_source_material/04_policy_markdown/02_international_original/38_Monash_Guidance on Generative AI - Graduate Research.md,html,51b0a6d85ee67e8d52f3ac2a80e83fd5e651ab0e9bcc814ae573e5cd79bfbb39,ok,,semantic:main,5062,S2,36,Monash University,https://www.monash.edu/graduate-research/support-and-resources/resources/guidance-on-generative-ai
00_source_material/02_international_original/39_Using generative AI in your studies_ guidelines for students _ Computing _ Information Services.html,00_source_material/04_policy_markdown/02_international_original/39_Using generative AI in your studies_ guidelines for students _ Computing _ Information Services.md,html,614d6855aac1988d6342696b1255ef382289f647c76c76b58901ec5b08507f31,ok,,semantic:main,9697,S2,37,University of Edinburgh,https://information-services.ed.ac.uk/computing/comms-and-collab/elm/generative-ai-guidance-for-students/using-generative
00_source_material/02_international_original/40_Icahn School of Medicine at Mount Sinai Policy.pdf,00_source_material/04_policy_markdown/02_international_original/40_Icahn School of Medicine at Mount Sinai Policy.md,pdf,eefb46011ff0805897901eb7d7d9a47e11d7cbebf003f97307008281a58bd076,ok,,pypdf2:page-text,15560,S2,38,Icahn School of Medicine at Mount Sinai,https://icahn.mssm.edu/files/ISMMS/Assets/Education/Student%20Life%20and%20Resources/AI-Policy.pdf
00_source_material/02_international_original/41_BritishColumbiaPRINCIPLES_FOR_MITIGATING_RISKS.pdf,00_source_material/04_policy_markdown/02_international_original/41_BritishColumbiaPRINCIPLES_FOR_MITIGATING_RISKS.md,pdf,1170824a392cba79b8654718bf02292cf137510bb3f2fc53643cf5c715da73fb,ok,,pypdf2:page-text,11364,S2,39,University of British Columbia,https://it-genai-2023.sites.olt.ubc.ca/files/2024/08/PRINCIPLES_FOR_MITIGATING_RISKS.pdf
00_source_material/02_international_original/42_University of Copenhagen_ENG_STUD_ACC_AI-declaration.pdf,00_source_material/04_policy_markdown/02_international_original/42_University of Copenhagen_ENG_STUD_ACC_AI-declaration.md,pdf,185c68c1c315a8ddf795f404f7e9b581fb261fc17faa0af0b729a6d1bbbe0f68,ok,,pypdf2:page-text,4493,S2,40,University of Copenhagen,https://s3.ap-south-1.amazonaws.com/attachments.cmcdistedu.org/NNF/Webinar_Resources/ENG_STUD_ACC_AI-declaration.pdf
00_source_material/02_international_original/43_Academic integrity and student conduct - my.UQ - University of Queensland.html,00_source_material/04_policy_markdown/02_international_original/43_Academic integrity and student conduct - my.UQ - University of Queensland.md,html,85ed2a7c783dbc666154d57110a783e50fc114c47e8f0396e7c4e0866967a45c,ok,,heuristic:id-class,22675,S2,41,University of Queensland,https://my.uq.edu.au/information-and-services/manage-my-program/student-integrity-and-conduct/academic-integrity-and-student-conduct
00_source_material/02_international_original/44_HKGenAI-research-guidelines.pdf,00_source_material/04_policy_markdown/02_international_original/44_HKGenAI-research-guidelines.md,pdf,24fcbd64f9e50fb28176e337d5d2fb9e26ab790898d338d1ed4f620c6228788b,ok,,pypdf2:page-text,18775,S2,42,University of Hong Kong,https://www.rss.hku.hk/research-integrity/GenAI-research-guidelines.pdf
00_source_material/02_international_original/47_Humboldt University of Berlin.html,00_source_material/04_policy_markdown/02_international_original/47_Humboldt University of Berlin.md,html,d9508c7db2b3dbb650969fd01afbc5b7bd85af40813b83bc7b94916aee92be84,ok,,semantic:main,8789,S2,43,Humboldt University of Berlin,https://ki.cms.hu-berlin.de/de/ki-policy-an-der-hu
00_source_material/02_international_original/48_Universite Paris Cite.pdf,00_source_material/04_policy_markdown/02_international_original/48_Universite Paris Cite.md,pdf,4d12fc1874709cbe5b4297813ba66d36f6905ae9111b5fc6b1dbb069576cd813,ok,,pypdf2:page-text,58887,S2,44,Universite Paris Cite,https://u-paris.fr/wp-content/uploads/2024/02/Charte_Informatique_UPCit%C3%A9_VF.pdf
00_source_material/02_international_original/49_UU_GSLS GenAI Research Guidelines for Students and Supervisors.pdf,00_source_material/04_policy_markdown/02_international_original/49_UU_GSLS GenAI Research Guidelines for Students and Supervisors.md,pdf,a94af68a6913c203d391aadd4cf2abefef79ac12a8d03a3ac58820bf457590cc,ok,,pypdf2:page-text,4061,S2,45,Utrecht University,https://students.uu.nl/sites/default/files/GSLS%20GenAI%20Research%20Guidelines%20for%20Students%20and%20Supervisors.pdf
00_source_material/02_international_original/50_Guidelines for students on the authorised use of GenAI — Student at KU Leuven.html,00_source_material/04_policy_markdown/02_international_original/50_Guidelines for students on the authorised use of GenAI — Student at KU Leuven.md,html,6cb3872d12cd441e43742c0f7bfe1d0483b6df2a293a6016b4190abb5c02ac6b,ok,,semantic:article,7866,S2,46,KU Leuven,https://www.kuleuven.be/english/education/student/educational-tools/guidelines-for-students-on-the-authorised-use-of-genai
00_source_material/02_international_original/51_Student Use Guidelines for Generative AI - College of Arts and Sciences.html,00_source_material/04_policy_markdown/02_international_original/51_Student Use Guidelines for Generative AI - College of Arts and Sciences.md,html,5ddfbe9e28a2f0d6f0818b53ca961859ea974e04352e495f2021887543bed3c4,ok,,heuristic:id-class,1828,S2,47,University of North Carolina Chapel Hill,https://college.unc.edu/2023/09/student-use-guidelines-for-generative-ai/?utm_source=chatgpt.com
00_source_material/02_international_original/52_Karolinska Institutet_Using generative AI when writing academic texts within doctoral education _ Staff Portal.html,00_source_material/04_policy_markdown/02_international_original/52_Karolinska Institutet_Using generative AI when writing academic texts within doctoral education _ Staff Portal.md,html,0e286b41b7af0cc0aa6189502921f95b4ebc1d850b2df44d4027fbc9468884d3,ok,,semantic:article,11404,S2,48,Karolinska Institutet,https://staff.ki.se/doctoral-education/time-to-defend-your-thesis/using-generative-ai-when-writing-academic-texts-within-doctoral-education
00_source_material/02_international_original/53_Pittsburgh_Acceptable Use of Generative Artificial Intelligence Tools _ Pitt Digital.html,00_source_material/04_policy_markdown/02_international_original/53_Pittsburgh_Acceptable Use of Generative Artificial Intelligence Tools _ Pitt Digital.md,html,8d53f3884400256248840ef8a64e08f0f756b38c9e0c3a702c929eb70953da42,ok,,semantic:main,6833,S2,49,University of Pittsburgh,https://www.digital.pitt.edu/acceptable-use-generative-artificial-intelligence-tools
00_source_material/02_international_original/56_250827-guidelines-use-of-genai_students_fgw_eng.pdf,00_source_material/04_policy_markdown/02_international_original/56_250827-guidelines-use-of-genai_students_fgw_eng.md,pdf,0f9ab4a2fc8f66775ab3d264cd2833ee9a62dbb9fd4abfbbdcd73a6094d4e233,ok,,pypdf2:page-text,9070,S2,50,Leiden University,https://www.organisatiegids.universiteitleiden.nl/binaries/content/assets/geesteswetenschappen/reglementen/2025/250827-guidelines-use-of-genai_students_fgw_eng.pdf
00_source_material/02_international_original/57_empfehlungen-zum-umgang-mit-generativen-und-anderen-ki-tools.pdf,00_source_material/04_policy_markdown/02_international_original/57_empfehlungen-zum-umgang-mit-generativen-und-anderen-ki-tools.md,pdf,33ce98798b4bd3fbd97b27a25d8d80faa1413912953653babda402f2dee0401f,ok,,pypdf2:page-text,8381,S2,51,University of Munich,https://cms-cdn.lmu.de/media/04-som/ism/downloads/empfehlungen-zum-umgang-mit-generativen-und-anderen-ki-tools.pdf
00_source_material/02_international_original/58_Student-guide-on-the-use-of-GenAI_revised_250214.pdf,00_source_material/04_policy_markdown/02_international_original/58_Student-guide-on-the-use-of-GenAI_revised_250214.md,pdf,46b67032213d28e2eae52f82bb8e0fd52014884694dd97c5b286d4cf8545510a,ok,,pypdf2:page-text,5358,S2,52,Hong Kong Polytechnic University,https://www.polyu.edu.hk/ar/docdrive/polyu-students/Student-guide-on-the-use-of-GenAI_revised_250214.pdf
00_source_material/02_international_original/59_Guideline for Dealing with Artificial Intelligence • Berlin Universities Publishing.html,00_source_material/04_policy_markdown/02_international_original/59_Guideline for Dealing with Artificial Intelligence • Berlin Universities Publishing.md,html,f3a383f4a5e2c735a58aead6aadb1ae9ef3e88c789d7c57ade07f6e0635ba4cd,ok,,heuristic:id-class,4953,S2,53,Free University of Berlin,https://www.berlin-universities-publishing.de/en/ueber-uns/policies/ki-leitlinie/index.html
00_source_material/02_international_original/60_Ruprecht Karls University Heidelberg_download.pdf,00_source_material/04_policy_markdown/02_international_original/60_Ruprecht Karls University Heidelberg_download.md,pdf,300bee5da7936d233879f7fd520378efb4d40ac9c2f4ae10bbf95af9cbdf9fc5,ok,,pypdf2:page-text,1902,S2,54,Ruprecht Karls University Heidelberg,https://backend.sai.uni-heidelberg.de/en/documents/artificial-intelligence-ai-use-policy-for-assessments/download
00_source_material/02_international_original/61_Recommendations on the Use of Generative Artificial Intelligence at UZH _ University of Zurich _ UZH.html,00_source_material/04_policy_markdown/02_international_original/61_Recommendations on the Use of Generative Artificial Intelligence at UZH _ University of Zurich _ UZH.md,html,8cf35c95ce48c497bec3d815db6b227713aa4485e5a8f9399519247b4aca87c5,ok,,semantic:main,8061,S2,55,University of Zurich,https://www.uzh.ch/en/explore/basics/ai/recommendations.html
00_source_material/02_international_original/62_McGill University_using_generative_ai_in_research_gps_guidelines_november_2024.pdf,00_source_material/04_policy_markdown/02_international_original/62_McGill University_using_generative_ai_in_research_gps_guidelines_november_2024.md,pdf,289e5748fe3c87f043048f1230012d430a08dff0cd4e31b74289aa0befc21ecf,ok,,pypdf2:page-text,16897,S2,56,McGill University,https://www.mcgill.ca/gps/files/gps/using_generative_ai_in_research_gps_guidelines_november_2024.pdf
00_source_material/02_international_original/63_Sorbone2025-Charte%20IA-VF%20EDS-Septembre2025.pdf,00_source_material/04_policy_markdown/02_international_original/63_Sorbone2025-Charte%20IA-VF%20EDS-Septembre2025.md,pdf,f08289e1a29479acc237b1f8eeef193f454c41324ab413598a249e7fe9e9a923,ok,,pypdf2:page-text,21582,S2,57,Sorbonne Universite,https://droit.pantheonsorbonne.fr/sites/default/files/2025-10/2025-Charte%20IA-VF%20EDS-Septembre2025.pdf
00_source_material/02_international_original/64_University of Glasgow - MyGlasgow - Student Learning Development - Artificial Intelligence - Info for Students.html,00_source_material/04_policy_markdown/02_international_original/64_University of Glasgow - MyGlasgow - Student Learning Development - Artificial Intelligence - Info for Students.md,html,410c094013e5ef3a83e6cf7c1e1804218940d8fa70c9c332cb171b1ff6b3a7f8,ok,,heuristic:id-class,18368,S2,58,University of Glasgow,"https://www.gla.ac.uk/myglasgow/sld/ai/students/#usingaiforstudy%2Cresearchandwriting%E2%80%93withoutbreakingouracademicintegrityrules,howshouldireferenceartificialintelligence%3F"
00_source_material/02_international_original/65_TexasGuidance for Using Artificial Intelligence _ Enterprise Technology.html,00_source_material/04_policy_markdown/02_international_original/65_TexasGuidance for Using Artificial Intelligence _ Enterprise Technology.md,html,b64faedf8ed2b308f7e9920e93019759d50db316d6ea43612314711703036acb,ok,,semantic:main,6900,S2,59,University of Texas Austin,https://tech.utexas.edu/governance/guidance-for-ai
00_source_material/02_international_original/66_Ohio StateCrafting Policy for Student Use of Artificial Intelligence _ ASC Office of Distance Education.html,00_source_material/04_policy_markdown/02_international_original/66_Ohio StateCrafting Policy for Student Use of Artificial Intelligence _ ASC Office of Distance Education.md,html,9a32e0a6332edab1fd3ad7b2be0db3c3d1e672ef7680f6bdb99061632554372c,ok,,semantic:main,16991,S2,60,Ohio State University,https://ascode.osu.edu/distance-learning-curriculum/crafting-policy-student-use-artificial-intelligence
00_source_material/02_international_original/67_Academic Integrity and Generative AI _ Generative AI _ Vanderbilt University.html,00_source_material/04_policy_markdown/02_international_original/67_Academic Integrity and Generative AI _ Generative AI _ Vanderbilt University.md,html,f9c19e8f6691682b0c48ae0d57a14638ba0d166e7a6ccca38e857e2dc0280631,ok,,heuristic:id-class,21565,S2,61,Vanderbilt University,https://www.vanderbilt.edu/generative-ai/academic-integrity/
00_source_material/02_international_original/68_Guidelines _ AI Hub _ StaffNet _ The University of Manchester.html,00_source_material/04_policy_markdown/02_international_original/68_Guidelines _ AI Hub _ StaffNet _ The University of Manchester.md,html,39c5b5c8e7f4cda5978262a5994f3c1ed19fee8834d228501ca53b89548ba9a1,ok,,semantic:article,21079,S2,62,University of Manchester,https://www.staffnet.manchester.ac.uk/ai-hub/guidelines/
00_source_material/02_international_original/69_Responsible AI Use In Emory Marketing and Communications _ Emory University _ Atlanta GA.html,00_source_material/04_policy_markdown/02_international_original/69_Responsible AI Use In Emory Marketing and Communications _ Emory University _ Atlanta GA.md,html,c6bb8a1842fe9ad273c592057138393bda9a7cd7d69297f600acca9f7d4561e8,ok,,semantic:main,7175,S2,63,Emory University,https://communications.emory.edu/resources/responsible-ai-guidelines.html
00_source_material/02_international_original/72_AI @ UMD _ Guidelines for Use.html,00_source_material/04_policy_markdown/02_international_original/72_AI @ UMD _ Guidelines for Use.md,html,d2bbd1c020e24189257835d576c5a999949fdfd60dffb883a581d366214b28b6,ok,,semantic:main,20773,S2,64,University of Maryland College Park,https://ai.umd.edu/resources-guidelines/guidelines-for-use
00_source_material/02_international_original/73_University of Minnesota Twin Cities_Guidance on the Use of Generative Artificial Intelligence (AI) _ University Marketing Communications.html,00_source_material/04_policy_markdown/02_international_original/73_University of Minnesota Twin Cities_Guidance on the Use of Generative Artificial Intelligence (AI) _ University Marketing Communications.md,html,407a3876fa92ec7bd73a6aa69a5412981fac41380bc553400b75f4bb1bed1912,ok,,semantic:main,8163,S2,65,University of Minnesota Twin Cities,https://umarcomm.umn.edu/resources/guidance-use-generative-artificial-intelligence-ai
"00_source_material/02_international_original/74_CHM Undergrads - Semester Project, Peer Review, Generative AI Guidelines.html","00_source_material/04_policy_markdown/02_international_original/74_CHM Undergrads - Semester Project, Peer Review, Generative AI Guidelines.md",html,115cf6d7862a4dba04f452cf091497374b7d9d1f53b67eea1d955506164391aa,ok,,semantic:main,16602,S2,66,University of Wisconsin Madison,https://kb.wisc.edu/chm/page.php?id=135525#reasearchprojectrequirementsandstructure%E9%94%9B%E5%9D%94ttps://it.wisc.edu/generative-ai-services-uw-madison/generative-ai-uw-madison-use-policies/%E9%94%9B2025/3/5
00_source_material/02_international_original/75_Safe and Responsible use of AI _ AI Policy & Regulations _ University of Groningen.html,00_source_material/04_policy_markdown/02_international_original/75_Safe and Responsible use of AI _ AI Policy & Regulations _ University of Groningen.md,html,5e35e2a6f3c14434c59737906fe9ba675f04a01c58e721c8f582b84fbe20e24b,ok,,heuristic:id-class,3275,S2,67,University of Groningen,https://www.rug.nl/cit/services/ai-office/beleid-en-regelgeving/safe-and-responsible-use-of-ai?lang=en
00_source_material/02_international_original/76_Generative AI Usage Guidelines _ Erasmus University Rotterdam.html,00_source_material/04_policy_markdown/02_international_original/76_Generative AI Usage Guidelines _ Erasmus University Rotterdam.md,html,aa634686f0df1d347ac20bc02f3af79ff72f46467b59df022dc0511d5ad44f80,ok,,heuristic:id-class,10941,S2,68,Erasmus University Rotterdam,https://www.eur.nl/en/about-university/policy-and-regulations/regulations-and-guidelines/ai-usage-guidelines
00_source_material/02_international_original/77_USC_Academic Integrity & Generative AI – Office of Academic Integrity.html,00_source_material/04_policy_markdown/02_international_original/77_USC_Academic Integrity & Generative AI – Office of Academic Integrity.md,html,f087b65daa9880e6d444068e7c621ab1eb0ca305f916bd04d66c397be10c7282,ok,,semantic:main,4541,S2,69,University of Southern California,https://academicintegrity.usc.edu/faculty-resources/addressing-generative-ai/
00_source_material/02_international_original/78_Paris ScalayAjout d'une charte sur l'usage de l'IA dans le réglement des études de l'ISM-IAE - UVSQ.html,00_source_material/04_policy_markdown/02_international_original/78_Paris ScalayAjout d'une charte sur l'usage de l'IA dans le réglement des études de l'ISM-IAE - UVSQ.md,html,3f335b08098fd3477f00bdf547b3fc1123857df7d226a0c2bb65a2fafc0af32a,ok,,semantic:main,491,S2,70,Universite Paris Saclay,https://www.uvsq.fr/ajout-dune-charte-sur-lusage-de-lia-dans-le-reglement-des-etudes-de-lism-iae
00_source_material/02_international_original/79_GeorgiaAI Standards and Guidance _ Office of Information Technology.html,00_source_material/04_policy_markdown/02_international_original/79_GeorgiaAI Standards and Guidance _ Office of Information Technology.md,html,3a5735465876b1acf6986879e0056575c15b9021f4068659dc22fb33e5a42285,ok,,semantic:role-main,6322,S2,71,Georgia Institute of Technology,https://oit.gatech.edu/ai/guidance
00_source_material/02_international_original/80_Technical MunichFactsheet_Rethinking_assessment_in_response_to_ChatGPT.pdf,00_source_material/04_policy_markdown/02_international_original/80_Technical MunichFactsheet_Rethinking_assessment_in_response_to_ChatGPT.md,pdf,96f4db67b00243bda9a82da90d9b325cd778cd673e564ec4ea3491acb4cc114b,ok,,pypdf2:page-text,13808,S2,72,Technical University of Munich,https://www.prolehre.tum.de/fileadmin/w00btq/www/_my_direct_uploads/Factsheet_Rethinking_assessment_in_response_to_ChatGPT.pdf
"00_source_material/02_international_original/81_Generative AI, Copilot and ChatGPT - Vrije Universiteit Amsterdam.html","00_source_material/04_policy_markdown/02_international_original/81_Generative AI, Copilot and ChatGPT - Vrije Universiteit Amsterdam.md",html,f4b52fdcd717b8760b120bf1bd10a8090d86abb7c125097c2eed3fbc017a302a,ok,,semantic:main,10323,S2,73,Vrije Universiteit Amsterdam,https://vu.nl/en/student/examinations/generative-ai-your-use-our-expectations
00_source_material/02_international_original/82_IA generativa en el món de l'educació. _ CRAI Docència UB.html,00_source_material/04_policy_markdown/02_international_original/82_IA generativa en el món de l'educació. _ CRAI Docència UB.md,html,42781da34de8f01ef800a5ee373574d8d082ecbabdd407c5d414cc62c71e6832,ok,,heuristic:id-class,10124,S2,74,University of Barcelona,https://www.ub.edu/docenciacrai/Blog-TACTIC/ia-generativa-en-el-mon-de-leducacio
00_source_material/02_international_original/83_Use of AI in Research Guidelines _ University of Technology Sydney.html,00_source_material/04_policy_markdown/02_international_original/83_Use of AI in Research Guidelines _ University of Technology Sydney.md,html,a96ec325890ee9445f4128771f85c5b7f2b22f693653b534148e265478b836d1,ok,,semantic:article,16304,S2,75,University of Technology Sydney,https://www.uts.edu.au/about/leadership-governance/policies/a-z/use-of-ai-in-research-guidelines
00_source_material/02_international_original/84_Policy on the use of AI tools in classes _ utelecon.html,00_source_material/04_policy_markdown/02_international_original/84_Policy on the use of AI tools in classes _ utelecon.md,html,3545bd5d7da5512228792880a3db2a30ccd93b15149c6b949e42dc73565304f6,ok,,special:id-article,9931,S2,76,University of Tokyo,https://utelecon.adm.u-tokyo.ac.jp/en/docs/ai-tools-in-classes/
00_source_material/02_international_original/86_Guide for students_ best practice when using Generative AI _ Australian National University.html,00_source_material/04_policy_markdown/02_international_original/86_Guide for students_ best practice when using Generative AI _ Australian National University.md,html,6bf97b6eca399ff3d0ea0e3baa9e7d1cd0c67e479cc522061aa95f8cf197312d,ok,,semantic:main,8862,S2,77,Australian National University,https://www.anu.edu.au/students/academic-skills/academic-integrity/best-practice-principles/guide-for-students-best
00_source_material/02_international_original/87_Boston_Generative AI Guidelines for Classroom Use _ AI Development Accelerator.html,00_source_material/04_policy_markdown/02_international_original/87_Boston_Generative AI Guidelines for Classroom Use _ AI Development Accelerator.md,html,f4c0791a2e4b8e868b152379d54020a394b4e4bc261b6b348104de33bc245732,ok,,semantic:article,5496,S2,78,Boston University,https://www.bu.edu/aida/guidance/generative-ai-guidelines-for-classroom-use/
00_source_material/02_international_original/88_EPFL_Guidelines for using AI in studying ‒ Teaching ‐ EPFL.html,00_source_material/04_policy_markdown/02_international_original/88_EPFL_Guidelines for using AI in studying ‒ Teaching ‐ EPFL.md,html,5ea10cf2ec5a9a049b5250d2c9dda054e86d0766126a8c4d2e3716cb54ce2fa8,ok,,semantic:article,6662,S2,79,Ecole Polytechnique Federale de Lausanne,https://www.epfl.ch/education/teaching/index-html/ai-teaching/guidelines-for-using-ai-in-studying/
00_source_material/02_international_original/92_Pennsylvania State_Artificial Intelligence _ Academic Integrity.html,00_source_material/04_policy_markdown/02_international_original/92_Pennsylvania State_Artificial Intelligence _ Academic Integrity.md,html,63c0b40fabeef73e1d5d6ab9614bfb20125cbc8a7fc8d4185d787b588b781483,ok,,semantic:main,1930,S2,80,Pennsylvania State University,https://integrity.psu.edu/ai
00_source_material/02_international_original/93_UCSB Writing Program AI Policy _ Writing Program - UC Santa Barbara.html,00_source_material/04_policy_markdown/02_international_original/93_UCSB Writing Program AI Policy _ Writing Program - UC Santa Barbara.md,html,4aac7e9b28e9410a507fa30cdacff77563e151a394551f18a7dac55dc5f9077b,ok,,semantic:article,9321,S2,81,University of California Santa Barbara,https://www.writing.ucsb.edu/resources/faculty/ai-policy
00_source_material/02_international_original/94_Queen Mary University London.html,00_source_material/04_policy_markdown/02_international_original/94_Queen Mary University London.md,html,5a0ca7d7792edb02e4a2875c77df77b88e0147b022b2b12ea5e63069d2ff43a3,ok,,semantic:main,22382,S2,82,Queen Mary University London,https://www.qmul.ac.uk/library/academic-skills/student-guide-to-generative-ai/
00_source_material/02_international_original/95_Birmingham_Student and PGR guidance on using GenAI tools ethically for work.html,00_source_material/04_policy_markdown/02_international_original/95_Birmingham_Student and PGR guidance on using GenAI tools ethically for work.md,html,606fa9763a1ff6b734998effe3bd469bfb4b287f0123fec1139c629c13a41ef6,ok,,semantic:article,20894,S2,83,University of Birmingham,https://intranet.birmingham.ac.uk/student/libraries/asc/student-guidance-gai.aspx
00_source_material/02_international_original/96_UC Davis Student Guide to Generative Artificial Intelligence (GenAI) _ UC Davis IET.html,00_source_material/04_policy_markdown/02_international_original/96_UC Davis Student Guide to Generative Artificial Intelligence (GenAI) _ UC Davis IET.md,html,9625d653ff13747c323974383d135e345e64769a29e2bef913db80daa323b6b8,ok,,semantic:article,2809,S2,84,University of California Davis,https://iet.ucdavis.edu/aggie-ai/student-guide-gen-ai
00_source_material/02_international_original/97_Irvine_Academic Integrity and Citation - Generative AI and Information Literacy - Research Guides at University of California I.html,00_source_material/04_policy_markdown/02_international_original/97_Irvine_Academic Integrity and Citation - Generative AI and Information Literacy - Research Guides at University of California I.md,html,90af366e76c52cc665b49eaa7663b311049ef580e80d5030300998e57117caa2,ok,,heuristic:id-class,5445,S2,85,University of California Irvine,https://guides.lib.uci.edu/gen-ai/citing#s-lg-box-32721909
00_source_material/02_international_original/98_University of Western Australiausing-ai-tools-at-uwa---a-guide-for-students-(2025).pdf,00_source_material/04_policy_markdown/02_international_original/98_University of Western Australiausing-ai-tools-at-uwa---a-guide-for-students-(2025).md,pdf,f2a1a9b7e05af32f73d737ed7c170c887cca09fd63b26b97cfec2e7df61fd0f2,ok,,pypdf2:page-text,29008,S2,86,University of Western Australia,https://www.uwa.edu.au/students/-/media/project/uwa/uwa/students/academic-support/using-ai-tools-at-uwa---a-guide-for-students-(2025).pdf
00_source_material/02_international_original/99_Adelaide_guidelines-for-use-of-generative-ai-in-the-higher-degree-by-research.pdf,00_source_material/04_policy_markdown/02_international_original/99_Adelaide_guidelines-for-use-of-generative-ai-in-the-higher-degree-by-research.md,pdf,694bafdfee8b8ed9091e3ae1036559fa640d46a90f25649729101bd766f4a7df,ok,,pypdf2:page-text,8799,S2,87,University of Adelaide,https://www.adelaide.edu.au/graduate-research/ua/media/4102/guidelines-for-use-of-generative-ai-in-the-higher-degree-by-research.pdf
00_source_material/03_translations/Source_Humboldt University of Berlin.pdf,00_source_material/04_policy_markdown/03_translations/Source_Humboldt University of Berlin.md,pdf,fdac0157c870e36315e09391a1433a53ac81e5d84ef6b0902d0f6d5b3c947536,ok,,pypdf2:page-text,7834,,,,
00_source_material/03_translations/Source_Sorbonne Universite.pdf,00_source_material/04_policy_markdown/03_translations/Source_Sorbonne Universite.md,pdf,f08289e1a29479acc237b1f8eeef193f454c41324ab413598a249e7fe9e9a923,ok,,pypdf2:page-text,21582,,,,
00_source_material/03_translations/Source_Universite Paris Cite.pdf,00_source_material/04_policy_markdown/03_translations/Source_Universite Paris Cite.md,pdf,4d12fc1874709cbe5b4297813ba66d36f6905ae9111b5fc6b1dbb069576cd813,ok,,pypdf2:page-text,58887,,,,
00_source_material/03_translations/Source_Universite Paris Saclay.pdf.pdf,00_source_material/04_policy_markdown/03_translations/Source_Universite Paris Saclay.pdf.md,pdf,9a5487f163ea653a35135e1f6b92a8749b89e7a746171c91c499ce65e098b76d,ok,,pypdf2:page-text,7987,,,,
00_source_material/03_translations/Sourece_University of Barcelona.pdf,00_source_material/04_policy_markdown/03_translations/Sourece_University of Barcelona.md,pdf,e8a5b3887cfd8714ba7abc9690967be0f4a5c621882d6ba83842f6bb0c357b7f,ok,,pypdf2:page-text,4229,,,,
00_source_material/03_translations/Translated_Humboldt University of Berlin.pdf,00_source_material/04_policy_markdown/03_translations/Translated_Humboldt University of Berlin.md,pdf,642de7802792bb8d46136ec8c10f4fdfa9241d0fff442529329098f9f5207a2e,ok,,pypdf2:page-text,6197,,,,
00_source_material/03_translations/Translated_Sorbonne Universite.pdf,00_source_material/04_policy_markdown/03_translations/Translated_Sorbonne Universite.md,pdf,1d18f2c7ffb6104f370a436168894513dfc5a23def04d64b0afb93859762cdbc,ok,,pypdf2:page-text,15577,,,,
00_source_material/03_translations/Translated_Univerisity of Barcelona.pdf,00_source_material/04_policy_markdown/03_translations/Translated_Univerisity of Barcelona.md,pdf,0448b52497af955a6ed6eac6067c6f0176037892ff20ad90b1d1017b60e9fb82,ok,,pypdf2:page-text,3813,,,,
00_source_material/03_translations/Translated_Universite Paris Cite.pdf,00_source_material/04_policy_markdown/03_translations/Translated_Universite Paris Cite.md,pdf,9cd28d6cc7eab42d5d5ba9794d85a83f860e41c4b62cc05203bc7fafd787cded,ok,,pypdf2:page-text,46851,,,,
00_source_material/03_translations/Translated_Universite Paris Saclay.pdf,00_source_material/04_policy_markdown/03_translations/Translated_Universite Paris Saclay.md,pdf,450e470cdb4865f39ed98e9f4177cfd0b9cfc5c206d6867f67713039de5540d1,ok,,pypdf2:page-text,6000,,,,
