id,univ_name,country_region,rank_usnews_2025,source_url,release_date,retrieval_rd1(2025.7.14-7.30),retrieval_rd2(2025.8.1-8.20),retrieval_rd3(8.22-9.21),D1_tech_limit(0/1),D2_proactive(0/1),D3_responsibility(0/1),D4_ai_as_aid(0/1),maturity_score,snapshot_filename.y
1,Harvard University,USA,1,https://www.huit.harvard.edu/ai/guidelines,None,2025/7/14,2025/8/1,2025/8/22,1,1,1,1,4,01_Generative AI Guidelines _ Harvard University Information Technology.html
2,Massachusetts Institute of Technology (MIT),USA,2,https://ist.mit.edu/ai-guidance,2025/2/19,2025/7/14,2025/8/1,2025/8/22,1,1,1,1,4,02_Guidance for use of Generative AI tools _ Information Systems & Technology.html
3,Stanford University,USA,3,https://communitystandards.stanford.edu/generative-ai-policy-guidance,2023/2/16,2025/7/14,2025/8/1,2025/8/22,1,1,1,1,4,03_Generative AI Policy Guidance _ Office of Community Standards.html
4,University of Oxford,UK,4,https://www.ox.ac.uk/research/support-researchers/research-practice/policy-generative-ai-research,None,2025/7/14,2025/8/1,2025/8/23,1,1,1,1,4,04_Policy for using Generative AI in Research_ guidelines for researchers and professional staff _ University of Oxford.html
5,University of Cambridge,UK,5,https://www.hps.cam.ac.uk/students/academic-misconduct,None,2025/7/14,2025/8/2,2025/8/23,1,1,1,1,4,05_Academic misconduct_ plagiarism and use of AI _ Department of History and Philosophy of Science.html
6,University of California Berkeley,USA,6,https://oercs.berkeley.edu/appropriate-use-generative-ai-tools,2025/7/25,2025/7/14,2025/8/2,2025/8/23,1,1,1,1,4,"06_Appropriate Use of Generative AI Tools _ Office of Ethics, Risk, and Compliance Services.html"
7,University College London,UK,7,https://www.ucl.ac.uk/students/exams-and-assessments/assessment-success-guide/engaging-generative-ai-your-education-and-assessment,None,2025/7/15,2025/8/2,2025/8/24,1,1,1,1,4,07_Engaging with Generative AI in your education and assessment _ Students - UCL – University College London.html
8,University of Washington Seattle,USA,8,https://guides.lib.uw.edu/c.php?g=345664&p=10592021&_gl=1*1d4lvzl*_ga*MTI0OTk1NDY3OC4xNzY2MDQ2NDA2*_ga_3T65WK0BM8*czE3NjYwNDY0MDUkbzEkZzEkdDE3NjYwNDY2ODAkajI5JGwwJGgw*_gcl_au*MTE5MTQ0MjQxNi4xNzY2MDQ2NDA0*_ga_JLHM9WH4JV*czE3NjYwNDY0MDYkbzEkZzEkdDE3NjYwNDY2ODAkajI5JGwwJGgw,2025/9/21,2025/7/15,2025/8/2,2025/8/24,1,1,1,1,4,08_Using AI Ethically to Enhance Learning - Academic Integrity and Plagiarism Prevention Resources - Library Guides at Univ.html
9,Yale University,USA,9,https://provost.yale.edu/news/guidelines-use-generative-ai-tools,2023/9/20,2025/7/15,2025/8/3,2025/8/24,1,1,1,1,4,09_Guidelines for the Use of Generative AI Tools _ Office of the Provost.html
10,Columbia University,USA,10,https://provost.columbia.edu/content/office-senior-vice-provost/ai-policy,None,2025/7/15,2025/8/3,2025/8/25,1,1,1,1,4,10_Generative AI Policy _ Office of the Provost.html
11,Imperial College London,UK,11,https://www.imperial.ac.uk/admin-services/library/learning-support/generative-ai-guidance/,None,2025/7/15,2025/8/3,2025/8/25,1,1,1,1,4,11_Generative AI guidance _ Administration and support services _ Imperial College London.html
12,University of California Los Angeles,USA,13,https://dts.ucla.edu/initiatives/ai/guiding-principles-responsible-use,None,2025/7/16,2025/8/3,2025/8/25,1,1,1,1,4,13_Guiding Principles for Responsible Use _ Digital & Technology Solutions.html
13,Johns Hopkins University,USA,14,https://engineering.jhu.edu/ctld/chatgpt/ai-tools/,None,2025/7/16,2025/8/4,2025/8/26,1,1,1,1,4,14_Generative AI Tools – Johns Hopkins Engineering CTLD.html
14,University of Pennsylvania,USA,15,https://isc.upenn.edu/security/AI-guidance,None,2025/7/16,2025/8/4,2025/8/26,1,1,1,1,4,15_Statement on Guidance for the University of Pennsylvania Community on Use of Generative Artificial Intelligence _ Inform.html
15,Cornell University,USA,16,https://teaching.cornell.edu/generative-artificial-intelligence/ai-academic-integrity,None,2025/7/16,2025/8/4,2025/8/26,1,1,1,1,4,16_AI & Academic Integrity _ Center for Teaching Innovation.html
16,Princeton University,USA,17,https://oit.princeton.edu/policies/generative-ai-tools-use-policy,2025/5/1,2025/7/17,2025/8/4,2025/8/27,1,1,1,1,4,17_Generative AI Tools Use Policy _ Office of Information Technology.html
17,University of California San Francisco,USA,18,https://ai.ucsf.edu/considerations-using-generative-ai,None,2025/7/17,2025/8/5,2025/8/27,1,1,1,1,4,18_Considerations for using Generative AI _ AI@UCSF.html
18,University of Toronto,Canada,19,https://www.sgs.utoronto.ca/about/guidance-on-the-use-of-generative-artificial-intelligence/,2025/9/5,2025/7/17,2025/8/5,2025/8/27,1,1,1,1,4,19_Guidance on the Appropriate Use of Generative Artificial Intelligence for Graduate Academic Milestones – School of Gradu.html
19,National University of Singapore,Singapore,20,https://libguides.nus.edu.sg/new2nus/ai_guidelines_infographics,None,2025/7/17,2025/8/5,2025/8/28,1,1,1,1,4,20_AI Guidelines - Library Essentials - LibGuides at National University of Singapore.html
20,University of California San Diego,USA,21,https://univcomms.ucsd.edu/resources/ai-guidance/index.html,None,2025/7/17,2025/8/5,2025/8/28,1,1,1,1,4,21_AI Guidelines for Campus Communicators.html
21,University of Michigan,USA,22,https://rackham.umich.edu/admissions/applying/guidance-and-policies-related-to-use-of-genai-for-rackham-applicants,None,2025/7/18,2025/8/5,2025/8/28,1,1,1,1,4,22_Guidance and Policies Related to Use of GenAI for Rackham Applicants _ Rackham Graduate School_ University of Michigan.html
22,California Institute of Technology,USA,23,https://www.caltech.edu/campus-life-events/campus-announcements/guidance-on-the-use-of-generative-ai-and-large-language-model-tools,2023/10/22,2025/7/18,2025/8/5,2025/8/29,1,1,1,1,4,23_Guidance on the Use of Generative AI and Large Language Model Tools - www.caltech.edu.html
23,Northwestern University,USA,24,https://www.it.northwestern.edu/about/policies/guidance-on-the-use-of-generative-ai.html,None,2025/7/18,2025/8/5,2025/8/29,1,1,1,1,4,24_Northwestern Guidance on the Use of Generative AI_ Information Technology - Northwestern University.html
24,University of Chicago,USA,26,https://genai.uchicago.edu/about/generative-ai-guidance,None,2025/7/18,2025/8/6,2025/8/29,1,1,1,1,4,26_Generative AI Guidance _ University of Chicago.html
25,Duke University,USA,27,https://ctl.duke.edu/ai-and-teaching-at-duke-2/artificial-intelligence-policies-in-syllabi-guidelines-and-considerations/,2025/8/25,2025/7/18,2025/8/6,2025/8/30,1,1,1,1,4,27_Artificial Intelligence Policies_ Guidelines and Considerations - Duke Center for Teaching and Learning.html
26,Nanyang Technological University,Singapore,28,https://www.ntu.edu.sg/research/resources/use-of-gai-in-research,2023/7/4,2025/7/18,2025/8/6,2025/8/30,1,1,1,1,4,28_NTU Policy on the Use of Generative Artificial Intelligence in Research _ Research _ NTU Singapore.html
27,University of Sydney,Australia,29,https://www.sydney.edu.au/students/academic-integrity/artificial-intelligence.html,2025/8/21,2025/7/19,2025/8/6,2025/8/30,1,1,1,1,4,29_Artificial intelligence - The University of Sydney.html
28,University of Melbourne,Australia,30,https://msd.unimelb.edu.au/belt/quality/generative-ai/genai-and-student-academic-integrity,None,2025/7/19,2025/8/6,2025/8/31,1,1,1,1,4,30_Melbourne_GenAI and Student Academic Integrity.html
29,Washington University (WUSTL),USA,31,https://genai.wustl.edu/responsibleuse/,None,2025/7/19,2025/8/7,2025/8/31,1,1,1,1,4,31_Responsible Use of Generative AI _ WashU+AI _ Washington University in St. Louis.html
30,New York University,USA,32,https://www.nyu.edu/about/policies-guidelines-compliance/policies-and-guidelines/academic-integrity-for-students-at-nyu.html,None,2025/7/19,2025/8/7,2025/8/31,1,1,1,1,4,32_Academic Integrity for Students at NYU.html
31,University of Amsterdam,Netherlands,33,"https://www.uva.nl/en/about-the-uva/policy-and-regulations/education/policy-framework-and-guidelines-on-genai-in-education.html?cb
",None,2025/7/19,2025/8/7,2025/9/1,1,1,1,1,4,33_University of Amsterdam.pdf
32,University of New South Wales Sydney,Australia,34,https://www.unsw.edu.au/student/managing-your-studies/academic-skills-support/toolkit/ai,None,2025/7/19,2025/8/7,2025/9/1,1,1,1,1,4,34_Using AI in university _ Current Students – UNSW Sydney.html
33,ETH Zurich,Switzerland,35,https://library.ethz.ch/en/researching-and-publishing/scientific-writing-at-eth-zurich/plagiat-und-kuenstliche-intelligenz-ki.html#legal-framework,None,2025/7/20,2025/8/7,2025/9/1,1,1,1,1,4,35_Plagiarism and generative Artificial Intelligence (genAI) – ETH Library _ ETH Zurich.html
34,King's College London,UK,36,https://www.kcl.ac.uk/about/strategy/learning-and-teaching/ai-guidance/student-guidance,None,2025/7/20,2025/8/8,2025/9/2,1,1,1,1,4,36_Generative AI - Student guidance _ King's College London.html
35,Chinese University of Hong Kong,HK,37,https://www.aqs.cuhk.edu.hk/documents/A-guide-for-students_use-of-AI-tools.pdf,2025/5/1,2025/7/20,2025/8/8,2025/9/2,1,1,1,1,4,37_ChineseHK_A-guide-for-students_use-of-AI-tools.pdf
36,Monash University,Australia,38,https://www.monash.edu/graduate-research/support-and-resources/resources/guidance-on-generative-ai,None,2025/7/21,2025/8/8,2025/9/2,1,1,1,1,4,38_Monash_Guidance on Generative AI - Graduate Research.html
37,University of Edinburgh,UK,39,https://information-services.ed.ac.uk/computing/comms-and-collab/elm/generative-ai-guidance-for-students/using-generative,2025/7/23,2025/7/21,2025/8/8,2025/9/3,1,1,1,1,4,39_Using generative AI in your studies_ guidelines for students _ Computing _ Information Services.html
38,Icahn School of Medicine at Mount Sinai,USA,40,https://icahn.mssm.edu/files/ISMMS/Assets/Education/Student%20Life%20and%20Resources/AI-Policy.pdf,2025/9/1,2025/7/21,2025/8/9,2025/9/3,1,1,1,1,4,40_Icahn School of Medicine at Mount Sinai Policy.pdf
39,University of British Columbia,Canada,41,https://it-genai-2023.sites.olt.ubc.ca/files/2024/08/PRINCIPLES_FOR_MITIGATING_RISKS.pdf,None,2025/7/21,2025/8/9,2025/9/3,1,1,1,1,4,41_BritishColumbiaPRINCIPLES_FOR_MITIGATING_RISKS.pdf
40,University of Copenhagen,Denmark,42,https://s3.ap-south-1.amazonaws.com/attachments.cmcdistedu.org/NNF/Webinar_Resources/ENG_STUD_ACC_AI-declaration.pdf,None,2025/7/22,2025/8/9,2025/9/4,1,1,1,1,4,42_University of Copenhagen_ENG_STUD_ACC_AI-declaration.pdf
41,University of Queensland,Australia,43,https://my.uq.edu.au/information-and-services/manage-my-program/student-integrity-and-conduct/academic-integrity-and-student-conduct,None,2025/7/22,2025/8/9,2025/9/4,1,1,1,1,4,43_Academic integrity and student conduct - my.UQ - University of Queensland.html
42,University of Hong Kong,HK,44,https://www.rss.hku.hk/research-integrity/GenAI-research-guidelines.pdf,2025/9/8,2025/7/22,2025/8/10,2025/9/4,1,1,1,1,4,44_HKGenAI-research-guidelines.pdf
43,Humboldt University of Berlin,Germany,47,https://ki.cms.hu-berlin.de/de/ki-policy-an-der-hu,None,2025/7/22,2025/8/10,2025/9/5,1,1,1,1,4,47_Humboldt University of Berlin.html
44,Universite Paris Cite,France,48,https://u-paris.fr/wp-content/uploads/2024/02/Charte_Informatique_UPCit%C3%A9_VF.pdf,None,2025/7/22,2025/8/10,2025/9/5,0,1,1,0,2,48_Universite Paris Cite.pdf
45,Utrecht University,Netherlands,49,https://students.uu.nl/sites/default/files/GSLS%20GenAI%20Research%20Guidelines%20for%20Students%20and%20Supervisors.pdf,None,2025/7/23,2025/8/10,2025/9/6,1,1,1,1,4,49_UU_GSLS GenAI Research Guidelines for Students and Supervisors.pdf
46,KU Leuven,Belgium,50,https://www.kuleuven.be/english/education/student/educational-tools/guidelines-for-students-on-the-authorised-use-of-genai,2025/9/15,2025/7/23,2025/8/10,2025/9/6,1,1,1,1,4,50_Guidelines for students on the authorised use of GenAI — Student at KU Leuven.html
47,University of North Carolina Chapel Hill,USA,51,https://college.unc.edu/2023/09/student-use-guidelines-for-generative-ai/?utm_source=chatgpt.com,None,2025/7/23,2025/8/11,2025/9/7,1,1,1,1,4,51_Student Use Guidelines for Generative AI - College of Arts and Sciences.html
48,Karolinska Institutet,Sweden,52,https://staff.ki.se/doctoral-education/time-to-defend-your-thesis/using-generative-ai-when-writing-academic-texts-within-doctoral-education,2025/9/1,2025/7/24,2025/8/11,2025/9/7,1,1,1,1,4,52_Karolinska Institutet_Using generative AI when writing academic texts within doctoral education _ Staff Portal.html
49,University of Pittsburgh,USA,53,https://www.digital.pitt.edu/acceptable-use-generative-artificial-intelligence-tools,None,2025/7/24,2025/8/11,2025/9/7,1,1,1,1,4,53_Pittsburgh_Acceptable Use of Generative Artificial Intelligence Tools _ Pitt Digital.html
50,Leiden University,Netherlands,56,https://www.organisatiegids.universiteitleiden.nl/binaries/content/assets/geesteswetenschappen/reglementen/2025/250827-guidelines-use-of-genai_students_fgw_eng.pdf,2025/8/27,2025/7/24,2025/8/11,2025/9/8,1,1,1,1,4,56_250827-guidelines-use-of-genai_students_fgw_eng.pdf
51,University of Munich,Germany,57,https://cms-cdn.lmu.de/media/04-som/ism/downloads/empfehlungen-zum-umgang-mit-generativen-und-anderen-ki-tools.pdf,2023/11/23,2025/7/24,2025/8/12,2025/9/8,1,1,1,1,4,57_empfehlungen-zum-umgang-mit-generativen-und-anderen-ki-tools.pdf
52,Hong Kong Polytechnic University,HK,58,https://www.polyu.edu.hk/ar/docdrive/polyu-students/Student-guide-on-the-use-of-GenAI_revised_250214.pdf,2025/2/25,2025/7/25,2025/8/12,2025/9/9,1,1,1,1,4,58_Student-guide-on-the-use-of-GenAI_revised_250214.pdf
53,Free University of Berlin,Germany,59,https://www.berlin-universities-publishing.de/en/ueber-uns/policies/ki-leitlinie/index.html,None,2025/7/25,2025/8/12,2025/9/9,1,1,1,1,4,59_Guideline for Dealing with Artificial Intelligence • Berlin Universities Publishing.html
54,Ruprecht Karls University Heidelberg,Germany,60,https://backend.sai.uni-heidelberg.de/en/documents/artificial-intelligence-ai-use-policy-for-assessments/download,2025/3/1,2025/7/25,2025/8/12,2025/9/9,1,1,1,1,4,60_Ruprecht Karls University Heidelberg_download.pdf
55,University of Zurich,Switzerland,61,https://www.uzh.ch/en/explore/basics/ai/recommendations.html,None,2025/7/25,2025/8/12,2025/9/10,1,1,1,1,4,61_Recommendations on the Use of Generative Artificial Intelligence at UZH _ University of Zurich _ UZH.html
56,McGill University,Canada,62,https://www.mcgill.ca/gps/files/gps/using_generative_ai_in_research_gps_guidelines_november_2024.pdf,2024/11/24,2025/7/25,2025/8/13,2025/9/10,1,1,1,1,4,62_McGill University_using_generative_ai_in_research_gps_guidelines_november_2024.pdf
57,Sorbonne Universite,France,63,https://droit.pantheonsorbonne.fr/sites/default/files/2025-10/2025-Charte%20IA-VF%20EDS-Septembre2025.pdf,None,2025/7/25,2025/8/13,2025/9/10,1,1,1,1,4,63_Sorbone2025-Charte%20IA-VF%20EDS-Septembre2025.pdf
58,University of Glasgow,UK,64,"https://www.gla.ac.uk/myglasgow/sld/ai/students/#usingaiforstudy%2Cresearchandwriting%E2%80%93withoutbreakingouracademicintegrityrules,howshouldireferenceartificialintelligence%3F",None,2025/7/25,2025/8/13,2025/9/11,1,1,1,1,4,64_University of Glasgow - MyGlasgow - Student Learning Development - Artificial Intelligence - Info for Students.html
59,University of Texas Austin,USA,65,https://tech.utexas.edu/governance/guidance-for-ai,None,2025/7/25,2025/8/14,2025/9/11,1,1,1,1,4,65_TexasGuidance for Using Artificial Intelligence _ Enterprise Technology.html
60,Ohio State University,USA,66,https://ascode.osu.edu/distance-learning-curriculum/crafting-policy-student-use-artificial-intelligence,None,2025/7/25,2025/8/14,2025/9/11,1,1,1,1,4,66_Ohio StateCrafting Policy for Student Use of Artificial Intelligence _ ASC Office of Distance Education.html
61,Vanderbilt University,USA,67,https://www.vanderbilt.edu/generative-ai/academic-integrity/,None,2025/7/26,2025/8/14,2025/9/12,1,1,1,1,4,67_Academic Integrity and Generative AI _ Generative AI _ Vanderbilt University.html
62,University of Manchester,UK,68,https://www.staffnet.manchester.ac.uk/ai-hub/guidelines/,2025/2/14,2025/7/26,2025/8/15,2025/9/12,1,1,1,1,4,68_Guidelines _ AI Hub _ StaffNet _ The University of Manchester.html
63,Emory University,USA,69,https://communications.emory.edu/resources/responsible-ai-guidelines.html,2025/8/25,2025/7/26,2025/8/15,2025/9/12,1,1,1,1,4,69_Responsible AI Use In Emory Marketing and Communications _ Emory University _ Atlanta GA.html
64,University of Maryland College Park,USA,72,https://ai.umd.edu/resources-guidelines/guidelines-for-use,2025/1/15,2025/7/26,2025/8/15,2025/9/12,1,1,1,1,4,72_AI @ UMD _ Guidelines for Use.html
65,University of Minnesota Twin Cities,USA,73,https://umarcomm.umn.edu/resources/guidance-use-generative-artificial-intelligence-ai,None,2025/7/26,2025/8/15,2025/9/13,1,1,1,1,4,73_University of Minnesota Twin Cities_Guidance on the Use of Generative Artificial Intelligence (AI) _ University Marketing Communications.html
66,University of Wisconsin Madison,USA,74,https://kb.wisc.edu/chm/page.php?id=135525#reasearchprojectrequirementsandstructure%E9%94%9B%E5%9D%94ttps://it.wisc.edu/generative-ai-services-uw-madison/generative-ai-uw-madison-use-policies/%E9%94%9B2025/3/5,None,2025/7/27,2025/8/16,2025/9/13,1,1,1,1,4,"74_CHM Undergrads - Semester Project, Peer Review, Generative AI Guidelines.html"
67,University of Groningen,Netherlands,75,https://www.rug.nl/cit/services/ai-office/beleid-en-regelgeving/safe-and-responsible-use-of-ai?lang=en,None,2025/7/27,2025/8/16,2025/9/13,1,1,1,1,4,75_Safe and Responsible use of AI _ AI Policy & Regulations _ University of Groningen.html
68,Erasmus University Rotterdam,Netherlands,76,https://www.eur.nl/en/about-university/policy-and-regulations/regulations-and-guidelines/ai-usage-guidelines,None,2025/7/27,2025/8/16,2025/9/14,1,1,1,1,4,76_Generative AI Usage Guidelines _ Erasmus University Rotterdam.html
69,University of Southern California,USA,77,https://academicintegrity.usc.edu/faculty-resources/addressing-generative-ai/,None,2025/7/27,2025/8/16,2025/9/14,1,1,1,1,4,77_USC_Academic Integrity & Generative AI – Office of Academic Integrity.html
70,Universite Paris Saclay,France,78,https://www.uvsq.fr/ajout-dune-charte-sur-lusage-de-lia-dans-le-reglement-des-etudes-de-lism-iae,2025/6/3,2025/7/27,2025/8/16,2025/9/14,1,1,1,1,4,78_Paris ScalayAjout d'une charte sur l'usage de l'IA dans le réglement des études de l'ISM-IAE - UVSQ.html
71,Georgia Institute of Technology,USA,79,https://oit.gatech.edu/ai/guidance,None,2025/7/27,2025/8/16,2025/9/15,1,1,1,1,4,79_GeorgiaAI Standards and Guidance _ Office of Information Technology.html
72,Technical University of Munich,Germany,80,https://www.prolehre.tum.de/fileadmin/w00btq/www/_my_direct_uploads/Factsheet_Rethinking_assessment_in_response_to_ChatGPT.pdf,None,2025/7/27,2025/8/16,2025/9/15,1,1,1,1,4,80_Technical MunichFactsheet_Rethinking_assessment_in_response_to_ChatGPT.pdf
73,Vrije Universiteit Amsterdam,Netherlands,81,https://vu.nl/en/student/examinations/generative-ai-your-use-our-expectations,2025/9/1,2025/7/27,2025/8/16,2025/9/15,1,1,1,1,4,"81_Generative AI, Copilot and ChatGPT - Vrije Universiteit Amsterdam.html"
74,University of Barcelona,Spain,82,https://www.ub.edu/docenciacrai/Blog-TACTIC/ia-generativa-en-el-mon-de-leducacio,2024/2/14,2025/7/28,2025/8/17,2025/9/16,1,1,1,1,4,82_IA generativa en el món de l'educació. _ CRAI Docència UB.html
75,University of Technology Sydney,Australia,83,https://www.uts.edu.au/about/leadership-governance/policies/a-z/use-of-ai-in-research-guidelines,2025/8/21,2025/7/28,2025/8/17,2025/9/16,1,1,1,1,4,83_Use of AI in Research Guidelines _ University of Technology Sydney.html
76,University of Tokyo,Japan,84,https://utelecon.adm.u-tokyo.ac.jp/en/docs/ai-tools-in-classes/,2023/4/28,2025/7/28,2025/8/17,2025/9/16,1,1,1,1,4,84_Policy on the use of AI tools in classes _ utelecon.html
77,Australian National University,Australia,86,https://www.anu.edu.au/students/academic-skills/academic-integrity/best-practice-principles/guide-for-students-best,None,2025/7/28,2025/8/17,2025/9/17,0,0,1,1,2,86_Guide for students_ best practice when using Generative AI _ Australian National University.html
78,Boston University,USA,87,https://www.bu.edu/aida/guidance/generative-ai-guidelines-for-classroom-use/,2025/9/21,2025/7/28,2025/8/18,2025/9/17,1,1,1,1,4,87_Boston_Generative AI Guidelines for Classroom Use _ AI Development Accelerator.html
79,Ecole Polytechnique Federale de Lausanne,Switzerland,88,https://www.epfl.ch/education/teaching/index-html/ai-teaching/guidelines-for-using-ai-in-studying/,None,2025/7/29,2025/8/18,2025/9/18,1,1,1,1,4,88_EPFL_Guidelines for using AI in studying ‒ Teaching ‐ EPFL.html
80,Pennsylvania State University,USA,92,https://integrity.psu.edu/ai,None,2025/7/29,2025/8/18,2025/9/19,1,1,1,1,4,92_Pennsylvania State_Artificial Intelligence _ Academic Integrity.html
81,University of California Santa Barbara,USA,93,https://www.writing.ucsb.edu/resources/faculty/ai-policy,None,2025/7/29,2025/8/19,2025/9/19,1,1,1,1,4,93_UCSB Writing Program AI Policy _ Writing Program - UC Santa Barbara.html
82,Queen Mary University London,UK,94,https://www.qmul.ac.uk/library/academic-skills/student-guide-to-generative-ai/,2025/9/12,2025/7/30,2025/8/19,2025/9/19,1,1,1,1,4,94_Queen Mary University London.html
83,University of Birmingham,UK,95,https://intranet.birmingham.ac.uk/student/libraries/asc/student-guidance-gai.aspx,None,2025/7/30,2025/8/19,2025/9/20,1,1,1,1,4,95_Birmingham_Student and PGR guidance on using GenAI tools ethically for work.html
84,University of California Davis,USA,96,https://iet.ucdavis.edu/aggie-ai/student-guide-gen-ai,None,2025/7/30,2025/8/19,2025/9/20,1,1,1,1,4,96_UC Davis Student Guide to Generative Artificial Intelligence (GenAI) _ UC Davis IET.html
85,University of California Irvine,USA,97,https://guides.lib.uci.edu/gen-ai/citing#s-lg-box-32721909,None,2025/7/30,2025/8/19,2025/9/20,1,1,1,1,4,97_Irvine_Academic Integrity and Citation - Generative AI and Information Literacy - Research Guides at University of California I.html
86,University of Western Australia,Australia,98,https://www.uwa.edu.au/students/-/media/project/uwa/uwa/students/academic-support/using-ai-tools-at-uwa---a-guide-for-students-(2025).pdf,2025/9/21,2025/7/30,2025/8/20,2025/9/21,1,1,1,1,4,98_University of Western Australiausing-ai-tools-at-uwa---a-guide-for-students-(2025).pdf
87,University of Adelaide,Australia,99,https://www.adelaide.edu.au/graduate-research/ua/media/4102/guidelines-for-use-of-generative-ai-in-the-higher-degree-by-research.pdf,None,2025/7/30,2025/8/20,2025/9/21,1,1,1,1,4,99_Adelaide_guidelines-for-use-of-generative-ai-in-the-higher-degree-by-research.pdf
88,University of Oslo,Norway,100,https://www.mn.uio.no/kurt/english/artificial-intelligence/templates-for-declaration-of-AI-in-assignments.html,2024/6/28,2025/7/30,2025/8/20,2025/9/21,1,1,1,1,4,100_Suggestion for declaration of AI usage in assignments - KURT – Centre for Teaching and Learning in Science.html
